V1;V2;V3;V4;V5;V6;V7;V8;n;var
0.0104655875813216;0.0102865557563787;0.0103321289021419;0.010227765462071;0.11;0.09;19;6;350;0.1
0.0102508204723433;0.0101258594861572;0.00999449983995459;0.00981934261259219;0.12;0.11;12;6;350;0.1
0.0104791934980809;0.0105231514243204;0.0102589662165528;0.0101723622563349;0.11;0.1;14;6;350;0.1
0.0107671264184066;0.0107656505591266;0.010563526802398;0.0104667617886953;0.11;0.1;16;7;350;0.1
0.0111878246890312;0.011175405887308;0.0109931019791333;0.0106710532867109;0.1;0.09;14;7;350;0.1
0.0112192972172357;0.0112508984731718;0.0110818934304186;0.0109289653612467;0.11;0.1;14;6;350;0.1
0.0109627154805669;0.010962753425286;0.0108095125976272;0.0104098892701684;0.11;0.09;13;6;350;0.1
0.0107789657704691;0.0107083213401594;0.0105810758546634;0.0106513297897394;0.07;0.08;17;7;350;0.1
0.010478654029839;0.010508000452129;0.0102930310199311;0.00992085491332709;0.11;0.1;14;6;350;0.1
0.00951481955592978;0.00948129275235438;0.00953690496991086;0.00928976889966818;0.06;0.06;16;6;350;0.1
0.0119629019249394;0.011994527633599;0.0118905137644593;0.011514929302197;0.11;0.1;18;6;350;0.1
0.0102451682652936;0.0100909417769341;0.00997095300155057;0.00965516951998436;0.1;0.09;17;6;350;0.1
0.0106427021772672;0.0105142981817325;0.0106743200517766;0.0105439879023063;0.08;0.09;13;6;350;0.1
0.0107464876618937;0.0107235593003097;0.0106338092359757;0.0105356243705902;0.11;0.1;16;6;350;0.1
0.0103101662041078;0.0103135092061289;0.0102201506680242;0.0100914772745992;0.1;0.09;17;6;350;0.1
0.00953927857785466;0.00953223835905042;0.00941194297615683;0.00931966362576364;0.09;0.08;14;9;350;0.1
0.00981018212968605;0.00978425483241007;0.00967705559970731;0.00946961626162275;0.08;0.08;20;9;350;0.1
0.00958100047307175;0.00954861932255393;0.00967626552601019;0.00942875524679225;0.07;0.07;22;6;350;0.1
0.00954019969529191;0.00948441582427428;0.00927458828852479;0.00916840811097291;0.11;0.09;16;8;350;0.1
0.0106589267349325;0.0106611971720797;0.0104614468937412;0.0102576595966052;0.1;0.1;13;6;350;0.1
0.00988927846986479;0.0097667659498708;0.00975561057782784;0.00945443384677271;0.1;0.09;21;6;350;0.1
0.0108276157820096;0.0109010599497631;0.0106692911611279;0.0104486727520627;0.08;0.08;13;6;350;0.1
0.0105509056711656;0.0104154800072652;0.0105596237518593;0.0101276106165456;0.1;0.08;12;6;350;0.1
0.00960951498415894;0.00960586853124356;0.00939582994735766;0.00939409734282926;0.08;0.08;20;7;350;0.1
0.0115910737968424;0.0116620808026588;0.0114034975044077;0.0112502073052552;0.1;0.09;16;6;350;0.1
0.0112680571642031;0.0111697372207093;0.0112169760603102;0.0108555222837934;0.09;0.07;20;8;350;0.1
0.0113320596173511;0.0113868916173429;0.0110911139756293;0.0113043036610434;0.1;0.09;16;16;350;0.1
0.0110190841506439;0.0109244348253112;0.010893541139806;0.0104542110725286;0.11;0.1;11;6;350;0.1
0.0110975006965058;0.0110779269171026;0.0108457164642145;0.010827094022712;0.1;0.1;18;10;350;0.1
0.0108142185676982;0.0108230682139177;0.0107205413458819;0.010309097743843;0.1;0.09;20;6;350;0.1
0.0106642379175886;0.0106752096558178;0.0104969677987214;0.0101513529354498;0.09;0.08;16;9;350;0.1
0.0100907499125364;0.0100501631394391;0.00985487166743285;0.00977080739243153;0.11;0.1;14;11;350;0.1
0.0102717263694065;0.0103173267342054;0.0100532562029358;0.00986043895799232;0.1;0.08;17;7;350;0.1
0.010368182195456;0.0102956023651546;0.0103778916277353;0.0101266727210146;0.09;0.09;17;6;350;0.1
0.00975051838896964;0.00963743247930157;0.00986913651137321;0.00955440305412323;0.05;0.05;21;6;350;0.1
0.00996140540344586;0.00990928951019454;0.00983602063494004;0.010060758278216;0.08;0.08;20;20;350;0.1
0.0102892685589867;0.0103153834960613;0.0102177197962358;0.0098664561175659;0.09;0.08;18;6;350;0.1
0.0112597874512482;0.0111740501427099;0.0110472722781702;0.0109118982579949;0.09;0.08;22;7;350;0.1
0.0102062105679077;0.0102278430048088;0.0101290423995319;0.00998615519616155;0.09;0.08;22;13;350;0.1
0.0107509417579718;0.010799075987968;0.0105056888065094;0.0102213518697432;0.11;0.1;17;6;350;0.1
0.0104361787880429;0.0104579828826737;0.0101481509099478;0.00994241951950369;0.11;0.11;19;6;350;0.1
0.0112866148219509;0.0112761189558704;0.0111180270927648;0.0108111017246648;0.11;0.1;14;6;350;0.1
0.0110611048927147;0.0110370038792433;0.010901985647772;0.0108265441410293;0.1;0.1;15;8;350;0.1
0.0100635820966847;0.0101029405223902;0.00996085822072352;0.00971458275107192;0.09;0.08;15;7;350;0.1
0.0101136931104169;0.0101294280944673;0.0101223098904677;0.00997140325086763;0.06;0.07;14;7;350;0.1
0.0117873439667236;0.0117101072148161;0.0116427800389295;0.0113740372727753;0.11;0.1;16;6;350;0.1
0.0104562252758343;0.0104191251137937;0.0101511330160949;0.0100457870700274;0.11;0.1;13;6;350;0.1
0.0105074276481563;0.0104343726671513;0.0102060837807331;0.010348558202329;0.09;0.08;13;7;350;0.1
0.0100923558598371;0.0101238123714195;0.0100842720372074;0.00968352147908557;0.1;0.09;20;6;350;0.1
0.00994216966051878;0.00992961738372264;0.00968882364709855;0.00942737525584503;0.12;0.1;15;9;350;0.1
0.0103265839139856;0.0103446871622373;0.010176456069079;0.0098194022112605;0.09;0.09;14;7;350;0.1
0.0104054760882881;0.00994904441577511;0.0103177292305037;0.0100878251233539;0.11;0.1;17;6;350;0.1
0.010968401330958;0.010981759938735;0.0109824928840483;0.0107485328124879;0.08;0.08;21;7;350;0.1
0.0112788955586521;0.0113220642811736;0.0113209926377398;0.011217700590126;0.08;0.08;12;6;350;0.1
0.0106995139664775;0.0106259489191944;0.0104831747183856;0.0103722970533707;0.11;0.1;13;6;350;0.1
0.0110236842415148;0.0109386126870648;0.0108895714608866;0.0104283846478013;0.1;0.09;22;7;350;0.1
0.009954462353774;0.00994438416692934;0.00977217672909572;0.00946922650447882;0.1;0.1;15;6;350;0.1
0.00991078775814002;0.00988679307529506;0.00984805420811227;0.00944928134523853;0.1;0.09;20;6;350;0.1
0.0106824152322289;0.0104866432045513;0.0105180591525925;0.0103620847038585;0.1;0.09;17;6;350;0.1
0.0105527521796711;0.0105445292096233;0.0105998844038295;0.0104670998490475;0.09;0.09;16;8;350;0.1
0.0105573111964564;0.0106015231842473;0.0103044739850402;0.010344988640946;0.08;0.08;14;6;350;0.1
0.0117386276431971;0.0113348924954852;0.011617017351875;0.0111570879740917;0.12;0.1;15;6;350;0.1
0.0117054686214073;0.0116837786099784;0.0120498636541486;0.0119816652929878;0.06;0.06;15;6;350;0.1
0.0092140005138187;0.00923545234665507;0.00919357757857005;0.00896039980317466;0.08;0.08;22;6;350;0.1
0.0102969928354445;0.0102105867669504;0.0101416682872213;0.0100623929851372;0.1;0.09;14;14;350;0.1
0.0105795720633032;0.0105566824722959;0.0103319228727386;0.0101724925937172;0.11;0.11;15;6;350;0.1
0.00960946352918268;0.00931212002643155;0.00941428495676445;0.00938316688419269;0.1;0.08;20;8;350;0.1
0.011632239227251;0.0116259515895728;0.0113672742185423;0.0111662643769522;0.11;0.1;18;6;350;0.1
0.0100188928229192;0.00999796827020491;0.0100234203956965;0.00977022615763596;0.08;0.07;19;6;350;0.1
0.0106434468394043;0.0106600184434749;0.0106483876485577;0.0103338794699849;0.08;0.07;22;9;350;0.1
0.0106534234488236;0.0105913508261223;0.0104817618210983;0.0101581223834781;0.11;0.1;12;6;350;0.1
0.0103845761276847;0.0103745506531583;0.0100991236961207;0.00995622955625945;0.11;0.1;12;6;350;0.1
0.0115128017808974;0.0111646452878019;0.0113331303881493;0.0110981174087386;0.12;0.11;12;8;350;0.1
0.0113819580623147;0.0113088261735139;0.0111383326886979;0.0110286762997068;0.11;0.1;13;6;350;0.1
0.0104889205481411;0.0104051435900957;0.0101921566260568;0.0102278768921545;0.11;0.09;14;6;350;0.1
0.00981379561375128;0.0098005186917316;0.00955159589315688;0.00956698759312495;0.1;0.1;13;10;350;0.1
0.0117632790733261;0.011724222679052;0.0116240007756458;0.0112848454660894;0.09;0.09;16;9;350;0.1
0.0111043716575514;0.0111100458554399;0.011096201748121;0.0104864438267335;0.1;0.09;12;7;350;0.1
0.0117257086394106;0.0115587511021355;0.0114944499257478;0.0112794329030054;0.11;0.1;16;6;350;0.1
0.00961146490411481;0.00956686111577121;0.00946048913380824;0.00954848826984639;0.09;0.08;18;18;350;0.1
0.0120050907309599;0.0118480877668476;0.0117737891567622;0.0114176177467857;0.11;0.1;20;8;350;0.1
0.0116079901615676;0.0113980745148863;0.0113807210060437;0.0114300512131896;0.11;0.09;16;9;350;0.1
0.0116383340484653;0.0116291831832991;0.0113527667224126;0.0111403924514288;0.1;0.09;15;6;350;0.1
0.0120036327186628;0.0119296648809641;0.0118482785066129;0.0113921151394379;0.11;0.11;15;6;350;0.1
0.0107422617661068;0.0107858452478759;0.0106917680299649;0.0104500740563344;0.09;0.09;16;6;350;0.1
0.00888510084301469;0.00873583337215179;0.0090104722715541;0.00876018773831853;0.07;0.07;14;6;350;0.1
0.0103147939761989;0.0102759360044415;0.0101940462056537;0.00975332369352111;0.1;0.09;19;9;350;0.1
0.00986095732273762;0.00981142167214847;0.00973999211055782;0.00921944630556511;0.11;0.1;12;7;350;0.1
0.00983892559620927;0.00980417516469606;0.00976398779356349;0.00971727496698657;0.07;0.08;14;6;350;0.1
0.0105425112006952;0.0105217560904415;0.0103029099546031;0.0102152627207167;0.11;0.1;18;7;350;0.1
0.0108906665971158;0.0109228488212085;0.0107612027019303;0.0107782426726253;0.08;0.08;16;7;350;0.1
0.0106928514520052;0.0106711861115871;0.0105450835684376;0.0101773634815462;0.12;0.11;14;6;350;0.1
0.0111888307446775;0.0111215118969931;0.0109230592013998;0.0107806804592637;0.11;0.1;14;6;350;0.1
0.0117671257427543;0.0117611276565617;0.0116837388210585;0.0118319544102461;0.09;0.09;19;11;350;0.1
0.0106236348570428;0.0105573039762426;0.0103912117078772;0.0105293022474069;0.1;0.1;13;15;350;0.1
0.00974040268043404;0.00973300670203776;0.00965498613791311;0.00979221972840106;0.05;0.06;16;8;350;0.1
0.00990111805860659;0.00985888265893917;0.00973042509313063;0.00946084594321447;0.11;0.09;14;6;350;0.1
0.0119727758695895;0.0120549461336137;0.0117119354996319;0.0118637771862471;0.06;0.07;20;6;350;0.1
0.0095119150409244;0.00935768711464698;0.00948895912132902;0.00932163316299118;0.05;0.06;14;6;350;0.1
0.0101687615300532;0.0100868376506117;0.0100921069075079;0.0100375349436788;0.1;0.09;13;11;350;0.1
0.0111561868727933;0.0112036894572058;0.0112009252599485;0.0109796128717558;0.07;0.07;17;6;350;0.1
0.0106510558472996;0.0105474386466686;0.0104740803364172;0.0102278760617572;0.11;0.1;16;6;350;0.1
0.00978897933764426;0.00974165979838621;0.00950841828265812;0.00962106343286336;0.1;0.1;18;6;350;0.1
0.0106359396385804;0.010179315492641;0.010394332630011;0.010011802099663;0.12;0.1;14;8;350;0.1
0.0101983964987902;0.0102516221951242;0.0100424015460505;0.01007028226978;0.08;0.09;13;13;350;0.1
0.0100199696447553;0.0100250254066764;0.00969541714933593;0.00955510776257084;0.11;0.1;15;6;350;0.1
0.00964879444229332;0.00963145522155734;0.00985973699069301;0.00980876702229768;0.06;0.05;17;11;350;0.1
0.0113472042873771;0.0112987703382306;0.0111494888576468;0.0112108829842761;0.09;0.09;22;8;350;0.1
0.0108979465067855;0.0109010586875694;0.0107717109907534;0.0106825056555213;0.1;0.09;16;10;350;0.1
0.0103951156761923;0.0103674232590311;0.0102162638286611;0.0100369597125765;0.11;0.09;17;6;350;0.1
0.010278203521383;0.0102380278721521;0.00994990788259149;0.00974176731475556;0.11;0.1;18;6;350;0.1
0.0101006678354733;0.0100799323055972;0.00985682974797565;0.00975408930253849;0.12;0.11;18;6;350;0.1
0.0109048045008813;0.0107825901115322;0.0107735192780753;0.0105628942385042;0.1;0.09;19;6;350;0.1
0.0104480251526055;0.0104167487574276;0.0102010855698903;0.0100696312083342;0.11;0.1;13;6;350;0.1
0.0117581581274676;0.0117969475281347;0.0118696583639529;0.0117163403549159;0.07;0.07;17;14;350;0.1
0.0105443466294226;0.0104441901278603;0.0102923778078932;0.0100497962845755;0.12;0.11;17;6;350;0.1
0.0104576814090283;0.010416288445302;0.0101343717128176;0.0103261071195193;0.1;0.1;15;6;350;0.1
0.0126827610163911;0.0125530096445743;0.0124799773472129;0.0121120965008637;0.11;0.09;20;6;350;0.1
0.00960853327578203;0.00961270380728685;0.00978591090578603;0.00953754956787467;0.05;0.06;20;7;350;0.1
0.0108925834631352;0.010868222252957;0.0108181668722228;0.0102298453405299;0.08;0.08;15;8;350;0.1
0.0118356946029075;0.0118127750096258;0.0117404932881963;0.0112621041563872;0.09;0.08;17;6;350;0.1
0.0108932525265887;0.01081772049292;0.0105948057889762;0.0105229028516084;0.12;0.11;17;6;350;0.1
0.0106929754193701;0.01070036745024;0.0106239519745951;0.010480477127577;0.05;0.08;22;6;350;0.1
0.010361157964474;0.0103366673901174;0.0102200516969472;0.0100192176508614;0.1;0.09;21;6;350;0.1
0.0100721349428885;0.0100692696134897;0.00992010932324936;0.00953625920400312;0.1;0.08;16;6;350;0.1
0.00979485468370411;0.00974659686825741;0.00976519526592729;0.00947822450738681;0.09;0.08;20;8;350;0.1
0.00834296509132198;0.0083424109440196;0.00814887070244419;0.00817734138073811;0.1;0.09;20;6;350;0.1
0.0106813917718038;0.0106253491113541;0.0105456164168702;0.0102338369481535;0.09;0.09;18;6;350;0.1
0.00979481602192012;0.00983770370817206;0.00981943596943859;0.00977264470672184;0.06;0.06;15;6;350;0.1
0.0123977259430055;0.0123688519866469;0.0122148283538989;0.011975524800793;0.1;0.1;15;6;350;0.1
0.0106783311859159;0.0106759697820407;0.0105069140415603;0.0103799088552425;0.11;0.11;16;6;350;0.1
0.010872837398923;0.0108638793329694;0.0107453112768308;0.0104480195830558;0.11;0.09;22;7;350;0.1
0.00925814595126074;0.00919087023628542;0.0092033002417829;0.0090028889889855;0.06;0.07;18;6;350;0.1
0.0117436166952356;0.0117109582037138;0.0115443936536851;0.0113767171430867;0.12;0.12;14;6;350;0.1
0.010920319662595;0.0106263676315609;0.0112596223794789;0.0112354091606854;0.06;0.06;14;6;350;0.1
0.00973878980916206;0.00975006236957964;0.00955707657312588;0.00943870798391401;0.11;0.1;13;6;350;0.1
0.0124177435952186;0.0123764753089149;0.0122379256547622;0.0118824909494281;0.1;0.09;18;6;350;0.1
0.0110790459621485;0.0111024651537466;0.0110791195873191;0.0108679561666806;0.08;0.08;22;6;350;0.1
0.010712869565093;0.0106487068920529;0.0106454485175771;0.0104998296639108;0.08;0.08;19;15;350;0.1
0.0129977117238449;0.0130650751151118;0.012778537014771;0.0123484726582845;0.11;0.1;16;6;350;0.1
0.00947166011492491;0.00946469121799291;0.0094114639347912;0.00927487590804148;0.08;0.09;13;7;350;0.1
0.00954679854299864;0.0095920031028355;0.00952284828261692;0.00935570500788393;0.09;0.08;20;6;350;0.1
0.0121605080929724;0.0120882976729889;0.0120278833902426;0.0119654523710047;0.08;0.07;16;6;350;0.1
0.0118045272410095;0.011855511802508;0.0116414537270299;0.0115185886570917;0.1;0.1;14;6;350;0.1
0.0119060390344891;0.0119257936893266;0.0117565503155606;0.0113839157304033;0.11;0.1;11;6;350;0.1
0.0113350746385661;0.0111496604049146;0.0111023114731883;0.0108412981355182;0.11;0.1;18;6;350;0.1
0.00996777475635606;0.00993870771566277;0.00987250212752987;0.010180595892394;0.09;0.08;14;7;350;0.1
0.0104378399956275;0.0104212133411771;0.0102597471690646;0.0100761398849841;0.1;0.09;16;7;350;0.1
0.0107969945764118;0.0107311117104694;0.010613093780389;0.0104137412665175;0.09;0.07;16;6;350;0.1
0.0105345112667701;0.010551695648068;0.0102606016030736;0.010182364307183;0.1;0.09;18;6;350;0.1
0.0109167055605609;0.0108273085335555;0.0109494642677451;0.0105824814860128;0.09;0.09;12;6;350;0.1
0.010319839436912;0.0103405072204465;0.0101931000903717;0.00989366612211468;0.11;0.09;18;6;350;0.1
0.00869611587067278;0.00872352711085281;0.00860942367571708;0.00868789231892298;0.08;0.09;16;8;350;0.1
0.00898224694212578;0.00894211917006928;0.00888176917710731;0.0088954484325401;0.1;0.09;20;11;350;0.1
0.0114427634722034;0.0115036726190421;0.0112964337654318;0.0109933644428747;0.08;0.07;19;6;350;0.1
0.0110586740836762;0.0110250664735528;0.0109404199509736;0.0106905975568346;0.11;0.09;16;6;350;0.1
0.0107968687031906;0.0107248049279437;0.0106967877254079;0.0103230363003191;0.11;0.1;14;6;350;0.1
0.0111229710393236;0.0110858675823269;0.0109587197282578;0.0110284068158673;0.1;0.08;19;17;350;0.1
0.010936371299068;0.0108467930531902;0.0107069448791558;0.010395537316667;0.11;0.1;20;6;350;0.1
0.0118748166126773;0.0118024472689693;0.0116032690620364;0.0114216243782639;0.12;0.12;13;6;350;0.1
0.0103650627205182;0.0103405825455465;0.0100913247855955;0.0100057303470878;0.1;0.09;17;6;350;0.1
0.0106508991447029;0.0107230375399359;0.0107980874891229;0.0103783714998996;0.07;0.07;21;7;350;0.1
0.00893044324998277;0.00897172682366157;0.00929097576001508;0.00906089058298847;0.06;0.06;20;6;350;0.1
0.0115120049135501;0.0113361365580818;0.0112457423682697;0.0109589078456999;0.12;0.11;13;6;350;0.1
0.0112237444908615;0.0110949668125605;0.0110417434024019;0.0106078494746163;0.1;0.09;17;11;350;0.1
0.00948428516731329;0.00947814198225794;0.00930057602725135;0.00938676509813369;0.09;0.09;17;6;350;0.1
0.0109588894034989;0.0109961457114304;0.01089740595487;0.010871851920092;0.07;0.07;20;6;350;0.1
0.0108499895447982;0.0107882032478327;0.0105878203852757;0.0103831406973346;0.1;0.09;17;6;350;0.1
0.0114771305884253;0.0114420269333077;0.0113171958115369;0.011032172099254;0.09;0.09;18;6;350;0.1
0.0093856352901185;0.00931331495083429;0.00931516608530748;0.00919089892643684;0.11;0.09;14;6;350;0.1
0.0107648014626832;0.0107509305886526;0.0106817046206823;0.0103780707484333;0.09;0.07;17;8;350;0.1
0.00979500485765142;0.009692799588528;0.00982477290109939;0.00945024979317676;0.08;0.07;20;7;350;0.1
0.0109202766050192;0.0109185032575441;0.0106892857315965;0.010854974988604;0.1;0.09;18;10;350;0.1
0.00931562195241753;0.00940395099403274;0.009119936289327;0.00924960603511575;0.09;0.07;15;15;350;0.1
0.00936272042441328;0.00940321280167406;0.00921980797127411;0.00923274258284793;0.08;0.08;19;6;350;0.1
0.00979865267621835;0.00977248803031258;0.00945124567714096;0.0094142089497937;0.1;0.09;19;6;350;0.1
0.010783978209935;0.0107669818837163;0.0107213063329899;0.0103067612231709;0.09;0.09;18;6;350;0.1
0.0114930133122022;0.0115116806887868;0.0113214289949643;0.0111145912116463;0.11;0.1;15;6;350;0.1
0.0100223192827261;0.00992570453600662;0.00991757821420342;0.00966029362254023;0.11;0.1;18;6;350;0.1
0.010957747998922;0.0109806571087582;0.0108963043554896;0.0105221041733497;0.09;0.09;15;7;350;0.1
0.0104966485030419;0.0105037643968339;0.0102730137831286;0.0103473749424204;0.11;0.1;15;6;350;0.1
0.0119645773265083;0.0118508487683012;0.0118900825685718;0.0115371300936495;0.1;0.09;19;6;350;0.1
0.0115834850563806;0.011460304931757;0.0113693410633526;0.0110220613372619;0.11;0.1;18;12;350;0.1
0.010237855549953;0.010219160252538;0.0102116036502071;0.0097946487260682;0.09;0.09;19;6;350;0.1
0.0126351297185639;0.0125374271855519;0.0123055855824084;0.0122958685834221;0.11;0.1;17;6;350;0.1
0.0111167267501056;0.0110800790933129;0.0109547135778484;0.0109195982293984;0.11;0.1;16;16;350;0.1
0.0105262205414294;0.0103343892275331;0.0104540019339802;0.0102757336221291;0.1;0.09;20;12;350;0.1
0.0113691328482647;0.0114656531594575;0.0112307106337012;0.0108583999437663;0.09;0.08;13;7;350;0.1
0.0091554857499591;0.00919233032894347;0.00894599420054783;0.00899217926665095;0.09;0.09;16;6;350;0.1
0.0102672395319271;0.0103769129949029;0.0101255508446399;0.0100343630175399;0.09;0.07;21;6;350;0.1
0.0109596832480955;0.0109568743977651;0.0105790649967375;0.0108651997566706;0.1;0.09;14;14;350;0.1
0.0114752093962288;0.0114848882989816;0.011236216682885;0.0110734591698177;0.11;0.11;16;6;350;0.1
0.00994020291161225;0.00987673406412509;0.00997307381580908;0.00997791686333283;0.07;0.08;14;17;350;0.1
0.0119050597235001;0.0117816408077919;0.0118048130553217;0.0113752771892662;0.11;0.09;13;6;350;0.1
0.0115960349515446;0.0116667588051806;0.0113798161019758;0.0111064663370619;0.09;0.08;17;6;350;0.1
0.00989153229696089;0.00975124069980112;0.00987778804003573;0.00968528409683927;0.08;0.08;20;11;350;0.1
0.0114951563711205;0.011518583500663;0.0113155331806513;0.0111470634703433;0.11;0.11;15;9;350;0.1
0.010911930816604;0.0108606846495075;0.0106950882001237;0.0103988355971496;0.1;0.09;22;6;350;0.1
0.0100008720970802;0.00997441899101022;0.00979368453834995;0.0096757176207006;0.11;0.09;15;6;350;0.1
0.0108313388845068;0.0105680246354106;0.0107085483918116;0.0104611373403376;0.1;0.09;14;6;350;0.1
0.0104644873133569;0.0104805611398069;0.0103744923858192;0.0102769770138546;0.08;0.08;16;10;350;0.1
0.0102684422906246;0.010223517696896;0.0101530685319881;0.00984017117197679;0.09;0.09;20;9;350;0.1
0.00958620569934954;0.00952777529207342;0.00945387185308704;0.00922666068174892;0.09;0.09;18;6;350;0.1
0.0115170590884993;0.0115629136487457;0.0113484988745768;0.0112008345090904;0.11;0.09;15;7;350;0.1
0.010841501862777;0.010799330538203;0.0105714532682785;0.010186360455088;0.12;0.11;17;6;350;0.1
0.0111842120228454;0.0110449960089271;0.0109909725826788;0.0106300836596366;0.11;0.11;15;6;350;0.1
0.0107878943619597;0.010814482457786;0.0108209261130898;0.0107115034888267;0.08;0.08;21;7;350;0.1
0.0121071674629086;0.012116931631986;0.0118313284264488;0.0116214909193786;0.11;0.09;16;6;350;0.1
0.0109345730343521;0.0107643285326183;0.0109415729548662;0.0103387180073864;0.09;0.08;18;7;350;0.1
0.0115947533857711;0.0114317872061376;0.0116944788419826;0.0112357071190717;0.07;0.08;19;6;350;0.1
0.0110311112582409;0.0110469070915486;0.0107512295006734;0.0106002897763345;0.11;0.1;15;6;350;0.1
0.0093156280518955;0.0092236582585517;0.00909544586625618;0.00902448085485336;0.11;0.1;16;8;350;0.1
0.0105036567560944;0.0105499030792781;0.0105761282975069;0.010306954019258;0.07;0.07;22;6;350;0.1
0.00965889723408343;0.00957661516765665;0.00952235950710538;0.00929510212579491;0.08;0.07;20;6;350;0.1
0.0114345035936576;0.0112617422553886;0.0112545371944479;0.0108236836504694;0.1;0.09;15;6;350;0.1
0.0100777112553261;0.0100526761423182;0.00985745068656317;0.00962741696097365;0.11;0.09;15;9;350;0.1
0.00966768041802563;0.00973462967377309;0.00947744331921103;0.00940656454231706;0.08;0.09;14;10;350;0.1
0.0104588197178123;0.0104212377810281;0.0102572746524747;0.0101569862672217;0.1;0.09;20;6;350;0.1
0.01167945972482;0.0113309031189037;0.0113212831392824;0.0109903080600833;0.12;0.1;14;7;350;0.1
0.00975018661560065;0.00979021324956683;0.00946662373334274;0.00953943547188784;0.11;0.09;14;8;350;0.1
0.0107045589588578;0.0105044023531468;0.0104937905642416;0.0102131300115989;0.12;0.11;14;6;350;0.1
0.00930750181809341;0.00913719847330195;0.00916041226246612;0.00882231678984379;0.11;0.09;18;6;350;0.1
0.00952349778913703;0.00957126311666933;0.00934401619675516;0.00915760599015558;0.07;0.08;18;6;350;0.1
0.0105529174993662;0.0103854110266782;0.0108263579989614;0.0105326710100196;0.06;0.06;20;8;350;0.1
0.0109624239723941;0.0109401818456008;0.0107749931307429;0.0104144698863978;0.1;0.09;15;7;350;0.1
0.0111303270533608;0.0111560007736156;0.0110124521436487;0.0110114038720342;0.11;0.1;19;11;350;0.1
0.00933928476813777;0.00927604696792642;0.00925599483411114;0.00908973624526773;0.1;0.09;17;6;350;0.1
0.00982713394947119;0.00973048137190785;0.00972271890937079;0.00971513667025214;0.05;0.06;20;7;350;0.1
0.00985433767704822;0.00993214540411288;0.00982090669957052;0.00949160983305107;0.06;0.08;20;6;350;0.1
0.011217522773583;0.0112435573225962;0.0111386780296547;0.0109651527723559;0.11;0.09;19;6;350;0.1
0.0109268077335306;0.0109460385501959;0.0107630417655795;0.0106291725790367;0.11;0.1;13;6;350;0.1
0.0110490096819386;0.0110515946437219;0.0108167852860193;0.0106003253130851;0.11;0.09;16;6;350;0.1
0.0105041572251871;0.0104576908913869;0.0103357183814989;0.010256957358904;0.1;0.1;17;7;350;0.1
0.0117913524621627;0.0117196216293493;0.0118855371130557;0.0114921264167855;0.08;0.08;17;6;350;0.1
0.011071316225225;0.0110394058011276;0.0109606163475664;0.0105397120803847;0.08;0.06;21;6;350;0.1
0.00927865117699975;0.00922978795135799;0.00928900693840303;0.00896534805570448;0.08;0.09;15;6;350;0.1
0.0108635064421466;0.0107388423517171;0.0109175145227266;0.0104118595836439;0.09;0.08;16;6;350;0.1
0.0099978608406518;0.0100215582622174;0.00989344059293407;0.00964554716556146;0.08;0.09;15;6;350;0.1
0.0103010939316496;0.0102973850552484;0.0101832734640353;0.00993374992115827;0.09;0.1;18;6;350;0.1
0.0106877135524966;0.0106482706049513;0.0106483061470997;0.0103306809375957;0.08;0.08;19;6;350;0.1
0.00922762416486645;0.009160807951831;0.00902919604387314;0.00889459613984959;0.09;0.08;19;12;350;0.1
0.0104083276086053;0.0103479921474827;0.0103044344122383;0.0100956727358689;0.09;0.08;18;10;350;0.1
0.0108579364161306;0.0106316788732299;0.0107474078805512;0.0104878792639126;0.1;0.09;21;6;350;0.1
0.0106166364366578;0.0106162450561274;0.0105465931612486;0.0103994786929502;0.09;0.09;18;11;350;0.1
0.00962792100853164;0.00947010272358949;0.00953407263255055;0.00936813820660139;0.1;0.08;21;13;350;0.1
0.010943975477935;0.010849920844717;0.0108143065119315;0.010559159751563;0.12;0.1;17;10;350;0.1
0.0102026569474056;0.0101243334648841;0.0101404544452748;0.00959624270546823;0.11;0.1;16;6;350;0.1
0.0098126929128134;0.00980306854700231;0.00964939839176222;0.00953619381152627;0.09;0.09;21;6;350;0.1
0.0101813191995822;0.0101520160868511;0.0100471427456357;0.00983248575730032;0.11;0.11;12;6;350;0.1
0.0112846989320896;0.0111835947143698;0.0110604372147414;0.010493008014843;0.11;0.09;16;6;350;0.1
0.00907480520581962;0.00906283307366135;0.00918450365025139;0.00872744578525641;0.06;0.06;15;6;350;0.1
0.011781260535138;0.0117996927509116;0.0114149288176095;0.0112545973730258;0.11;0.1;15;6;350;0.1
0.0112537511673717;0.0112429686762574;0.0109924925601538;0.0109397392254673;0.11;0.1;15;6;350;0.1
0.00891592040005265;0.00884539528334256;0.00882428617611723;0.00866101668684584;0.07;0.08;21;6;350;0.1
0.0103037950139103;0.0103296652044333;0.0102974479191315;0.0100311612987004;0.08;0.08;15;8;350;0.1
0.0112699007788405;0.0113513232642681;0.0109875807775415;0.0108381820924016;0.08;0.08;16;9;350;0.1
0.0113901293758049;0.0113774056969593;0.011161662985033;0.0107352745957213;0.1;0.09;14;7;350;0.1
0.00995611785053476;0.00993584279818841;0.00983731708604177;0.00969524113813223;0.09;0.09;19;19;350;0.1
0.0107790036822936;0.0105713443573263;0.0108251276504355;0.0104985098069323;0.05;0.06;14;6;350;0.1
0.0111274800417684;0.0111033630879631;0.0111507161734754;0.0107687357212103;0.09;0.08;19;8;350;0.1
0.00974155683499289;0.00957443553424948;0.00958546513938189;0.00945882396719746;0.11;0.09;12;6;350;0.1
0.0113103412138114;0.0113065433009381;0.0111429597012059;0.0111237331733274;0.11;0.1;16;9;350;0.1
0.0117373369162049;0.0117146831027169;0.0116649856960903;0.0113261462677081;0.1;0.09;20;7;350;0.1
0.00950493298745313;0.00947109786423649;0.00945421008160005;0.00935588406064378;0.07;0.07;17;17;350;0.1
0.00853307418563878;0.00853348925169175;0.00848039443498915;0.0083987078681963;0.08;0.08;18;6;350;0.1
0.0100432681456711;0.00993039388453109;0.00987640951414122;0.00974597423943009;0.1;0.1;12;6;350;0.1
0.0110137925212886;0.010939449263255;0.0108291420620544;0.0107219839565829;0.08;0.09;15;7;350;0.1
0.0114894769823423;0.0114682450784726;0.0112608523418669;0.0109436493710754;0.12;0.09;14;6;350;0.1
0.0108844262452061;0.0108679027551064;0.0106386824783669;0.0103222795551378;0.08;0.08;15;7;350;0.1
0.010996922410288;0.0107212051445083;0.0107846922534668;0.0105851875349529;0.11;0.1;21;7;350;0.1
0.0102364172113526;0.0102120852238653;0.0101906240630173;0.00971905561024282;0.08;0.08;17;8;350;0.1
0.00995864411388122;0.00987823806767314;0.00985713782245122;0.00939985609818737;0.09;0.08;19;8;350;0.1
0.0105007952731111;0.0103122471757852;0.0103619065158885;0.0101936380980463;0.1;0.08;15;10;350;0.1
0.0108531534910387;0.010873352654299;0.0106612357772706;0.0106116920393367;0.09;0.09;17;10;350;0.1
0.0110562925250847;0.0110414176820125;0.010860836851154;0.0107669792698512;0.08;0.08;14;6;350;0.1
0.0112113986942977;0.0112293850003808;0.0109943120888885;0.0107756351788017;0.11;0.1;19;6;350;0.1
0.00957112293048434;0.0095833682643939;0.00936224290814599;0.00933318456279356;0.11;0.11;15;8;350;0.1
0.00936624921160081;0.00932336574895601;0.00917186752457391;0.00896003334479612;0.1;0.09;20;6;350;0.1
0.00999810634378158;0.00987498043441115;0.00967866191559518;0.00941831005481964;0.11;0.09;14;6;350;0.1
0.00965043116513505;0.00966117621354222;0.00941470706355473;0.00943469267134283;0.09;0.09;19;6;350;0.1
0.0109943988897736;0.0108582327344857;0.0110039927160786;0.0104868494517608;0.08;0.07;22;11;350;0.1
0.00975664773675363;0.00974699239141925;0.00990886735375431;0.00972321378908853;0.07;0.07;21;6;350;0.1
0.0103242537617654;0.0102020711071218;0.010141215568776;0.00965618266624564;0.11;0.1;15;6;350;0.1
0.0116758187209758;0.011598998700885;0.0114593709949447;0.0112829002906924;0.1;0.09;14;7;350;0.1
0.00995762310287557;0.00990790066652332;0.00987785967981982;0.00955016387596847;0.09;0.09;13;6;350;0.1
0.0109418448901686;0.0108984955444247;0.0107948539522733;0.0105852435163175;0.11;0.09;12;6;350;0.1
0.010324165984382;0.0103248423125366;0.0101276604272601;0.0100027362462779;0.11;0.09;19;6;350;0.1
0.0104441462221492;0.01025256963884;0.0104089321363729;0.0101769093823917;0.09;0.09;19;6;350;0.1
0.0102847995493268;0.010283096437709;0.0103984776190538;0.0101863223743585;0.07;0.07;16;6;350;0.1
0.00940871739138761;0.00941113215089326;0.00934455577170396;0.00893160404528587;0.09;0.09;18;7;350;0.1
0.0103989546680333;0.0104503267209456;0.0102922272855164;0.0100418612028202;0.09;0.08;15;7;350;0.1
0.00972527522302875;0.0098055905445285;0.00952349353187319;0.00954256054829435;0.11;0.09;16;7;350;0.1
0.00971467166260329;0.00965544651472399;0.00974141865333291;0.00937076975956095;0.08;0.08;15;6;350;0.1
0.0100049301222749;0.0099181249911865;0.00995104480987325;0.00984851106780942;0.08;0.07;22;7;350;0.1
0.0103561699054798;0.010350710593289;0.0101348087375269;0.00978519582769951;0.08;0.08;18;7;350;0.1
0.0115056443892691;0.011485974799138;0.011233165506849;0.0110779859277841;0.11;0.1;16;6;350;0.1
0.0115217825552218;0.0114494994066385;0.0111933377547993;0.01102741368721;0.12;0.12;15;6;350;0.1
0.00972817930350401;0.00971254367683364;0.00978352210164007;0.00960618393493258;0.08;0.08;16;16;350;0.1
0.00991613749840851;0.00992504995123825;0.00962031654605879;0.00939393669748037;0.12;0.1;15;6;350;0.1
0.0108531711539464;0.010650787008045;0.0106402567237504;0.0105556119831366;0.11;0.11;14;7;350;0.1
0.0110813262634447;0.0111545120227554;0.0107978438099935;0.0106273741331098;0.12;0.1;16;6;350;0.1
0.0110669960811433;0.0109117343977742;0.0107931289644656;0.010544370986815;0.12;0.1;16;8;350;0.1
0.0104317130115365;0.0104441849407092;0.0101770299632068;0.0101412434964706;0.12;0.11;14;6;350;0.1
0.0115049972857452;0.0115310461620084;0.0113831959473649;0.0110619490819915;0.11;0.1;13;6;350;0.1
0.00921150697595714;0.00901039952306135;0.00931530289647544;0.0093168267857274;0.06;0.06;22;6;350;0.1
0.0119787180684705;0.0118818047872779;0.0118074336402408;0.0113451506450935;0.11;0.1;18;8;350;0.1
0.009875331682828;0.00990058061502976;0.00970328955818914;0.00945881955321703;0.1;0.09;19;6;350;0.1
0.01082735033521;0.0108822920901401;0.0108942636722222;0.0107036373806602;0.06;0.06;22;6;350;0.1
0.0100381854173994;0.00983966365455091;0.00981197748327779;0.00936210110151939;0.1;0.09;21;8;350;0.1
0.0112525827713729;0.0112784973399836;0.0111699268681348;0.0110519497372365;0.08;0.08;21;6;350;0.1
0.0107188927668388;0.0107059501492444;0.0103679205069593;0.0104525276262668;0.11;0.1;13;6;350;0.1
0.0115699151020601;0.0114452141031798;0.0115245094612149;0.0111684513157843;0.1;0.06;17;7;350;0.1
0.0102290833017364;0.010212966871914;0.0103153055465607;0.0103030037838009;0.08;0.08;22;22;350;0.1
0.0103756504582847;0.0102447471524077;0.0101759347754766;0.010060240868195;0.11;0.1;13;7;350;0.1
0.0103888618176627;0.0103820118836941;0.0101667792692284;0.010086688246327;0.12;0.1;16;10;350;0.1
0.0122454615354772;0.0122462385967917;0.0119799025098768;0.0119545305402222;0.11;0.11;14;11;350;0.1
0.00940321886176086;0.00946249646344293;0.00931741991438451;0.00937025077851327;0.07;0.08;21;11;350;0.1
0.0102132784389983;0.0100792431220423;0.0100505660474879;0.00995189723163004;0.09;0.09;21;6;350;0.1
0.0111623176571863;0.011104694556877;0.0109547661780682;0.0110613293302847;0.1;0.1;16;8;350;0.1
0.010280820690372;0.0103026242697387;0.0102732987439319;0.0102475439958403;0.05;0.06;17;6;350;0.1
0.0120268924762772;0.0115712094829363;0.0118219143483907;0.0113528503214139;0.11;0.09;15;7;350;0.1
0.0107055929322852;0.0107308283486311;0.0104211861234045;0.0102413151654539;0.12;0.11;16;6;350;0.1
0.0105083558468516;0.0105268126422841;0.0103788335997891;0.0100893819932292;0.09;0.08;19;8;350;0.1
0.0110459752970575;0.010950216834563;0.0109471984660194;0.0104413614468095;0.12;0.1;16;6;350;0.1
0.00907530187860334;0.00912040694138913;0.00890219740399228;0.00898604396896964;0.11;0.09;22;11;350;0.1
0.0108221132202391;0.010793152382056;0.0107179139349943;0.0103731550543393;0.08;0.08;13;6;350;0.1
0.0104003585579456;0.010441603511732;0.0102623987632508;0.0102273191998471;0.08;0.09;22;7;350;0.1
0.00990908765206506;0.00989655390536635;0.00982616379169906;0.00964260462537275;0.1;0.1;16;6;350;0.1
0.0120344184518457;0.0119869030613711;0.0117711933564241;0.0115794206080849;0.12;0.11;14;6;350;0.1
0.0102135598395052;0.0102517764443831;0.01010316060851;0.00995863045268438;0.09;0.09;20;8;350;0.1
0.0108313953007911;0.0108293200403105;0.010730146622725;0.0103712827752579;0.1;0.07;15;8;350;0.1
0.0114718578923396;0.0114362295875374;0.0114778848083496;0.0109424309404987;0.09;0.08;19;7;350;0.1
0.0125414372430304;0.012258774016277;0.012407656016497;0.0122890410104499;0.1;0.1;19;6;350;0.1
0.00992198713797215;0.00984131771206961;0.00966362398569131;0.00945310870766444;0.11;0.1;15;8;350;0.1
0.0114162048876448;0.0113262287677713;0.0111053519806049;0.0110124777429115;0.1;0.1;15;6;350;0.1
0.0105858510660345;0.0105099114290154;0.0104388048509529;0.0101112288843044;0.1;0.09;14;9;350;0.1
0.0106144885515935;0.0104883188463138;0.010452785345483;0.0102411252194917;0.1;0.09;21;6;350;0.1
0.0100336458567253;0.0100449875439351;0.0100966786218673;0.00979297372751815;0.09;0.09;20;6;350;0.1
0.0107979637091723;0.0107257087252002;0.0107840880625273;0.0104982308201368;0.1;0.09;20;6;350;0.1
0.0115876785850773;0.0116233388470726;0.01135844765631;0.0114767878058661;0.07;0.09;15;6;350;0.1
0.0110024822575334;0.0109946010865874;0.0107423854271411;0.0105983087257319;0.07;0.09;15;8;350;0.1
0.0100012448500024;0.00994029380919226;0.00995922881949145;0.00988839186679282;0.07;0.07;12;12;350;0.1
0.0103290632754509;0.010270549813633;0.0102211260120525;0.00993380738590027;0.11;0.1;13;6;350;0.1
0.0116773192053614;0.0116317729478803;0.0116579392372168;0.0113534894551883;0.08;0.08;17;6;350;0.1
0.0107492875500974;0.0106111667489696;0.0104905391480181;0.0101522694114471;0.11;0.09;16;8;350;0.1
0.010908034419919;0.0109178281001111;0.0110390865085124;0.0104416893630735;0.07;0.07;19;7;350;0.1
0.00904738976670819;0.00907181520071071;0.0089023680484791;0.0089145068360615;0.09;0.07;18;22;350;0.1
0.0104226714170904;0.0104888302504633;0.0103620133450603;0.0101569214242682;0.08;0.07;17;6;350;0.1
0.00992165097625542;0.00990093648248545;0.00988485840745098;0.00941502947331056;0.08;0.08;21;10;350;0.1
0.0123704453643122;0.0122928934804737;0.0122469868490622;0.0120111241957049;0.09;0.08;19;21;350;0.1
0.0100482942409092;0.0100074037598415;0.00992950140263806;0.009595145615183;0.1;0.09;22;6;350;0.1
0.0102408206028905;0.0102496859964913;0.0101363795061068;0.0098929552820402;0.1;0.09;17;6;350;0.1
0.0107677903901736;0.010728576225609;0.0105582219772415;0.0103239151935729;0.08;0.07;22;6;350;0.1
0.00991737410721694;0.00978253526249129;0.00979823556544935;0.00951859242337161;0.1;0.09;15;12;350;0.1
0.00991109035295822;0.00989861690595355;0.00983365789190335;0.00976730550576505;0.08;0.08;18;11;350;0.1
0.0107701360780066;0.0107812933463558;0.0106173270509936;0.0104192723798935;0.1;0.09;18;7;350;0.1
0.0126330257659654;0.0125881400261539;0.0123052743508322;0.0120802623522597;0.11;0.1;15;6;350;0.1
0.0111970939885256;0.0112065956890683;0.0111232125773633;0.0107642040345053;0.11;0.1;18;6;350;0.1
0.0100879142322531;0.00986374505457778;0.00992751911208523;0.00964885439304001;0.11;0.09;12;8;350;0.1
0.0105611482058449;0.0104913367031551;0.010379439265527;0.0102883514210465;0.1;0.1;16;6;350;0.1
0.0108556971838146;0.0108539073336477;0.0106452653183246;0.0105797383328071;0.11;0.11;15;10;350;0.1
0.010095527436073;0.00998818761515438;0.00990712403733672;0.00974346192860671;0.1;0.09;22;8;350;0.1
0.00964587909649445;0.00970606358276742;0.00965917077616837;0.00937820450013757;0.07;0.08;21;7;350;0.1
0.0108535325107304;0.0108766516075164;0.0107573190657691;0.010520497356022;0.06;0.06;16;7;350;0.1
0.0120856297069834;0.0120493910058657;0.0119242619052053;0.0113676693358821;0.11;0.09;16;6;350;0.1
0.00979812517690043;0.00978852281599003;0.00967878840220769;0.00968383220363627;0.1;0.09;16;6;350;0.1
0.0106548625272691;0.0106465476463092;0.0104206213475684;0.0101104572031652;0.1;0.09;15;6;350;0.1
0.010291553273549;0.0103517029010436;0.0100242732656203;0.00980148861901494;0.12;0.12;14;6;350;0.1
0.0105328495284634;0.0105718790362068;0.0103694035358785;0.0101410390792613;0.09;0.09;18;6;350;0.1
0.00918859557917429;0.00897600268334842;0.00896311326363377;0.00905043076374072;0.1;0.09;19;6;350;0.1
0.010700317751903;0.0106881314862195;0.0107332134331402;0.0104180757740815;0.08;0.08;19;7;350;0.1
0.0104970308351462;0.0105378430640297;0.0104349089749595;0.0101637355205116;0.09;0.09;16;6;350;0.1
0.010102831637819;0.010135756024866;0.00997422446563433;0.00976109280938963;0.09;0.08;18;8;350;0.1
0.0112301965077455;0.0112411432464142;0.011170688349449;0.0108782794685197;0.08;0.09;16;6;350;0.1
0.0104038512124281;0.0103778236300194;0.0102664193094452;0.0100009870436219;0.11;0.09;13;8;350;0.1
0.00979870740044933;0.00977761605408207;0.00957428845156272;0.00943728072811039;0.12;0.11;12;7;350;0.1
0.0108230967399156;0.0108529347246535;0.0106430405206908;0.0104355786465718;0.09;0.09;15;6;350;0.1
0.0105119628023775;0.0103674731369394;0.0105331267069957;0.0100156023213608;0.08;0.08;13;7;350;0.1
0.0110399566399133;0.0111107926919522;0.0109628427748452;0.0107253533104072;0.09;0.09;14;13;350;0.1
0.0114341786207424;0.0114029902358211;0.0113876854918546;0.0110278903219072;0.1;0.09;16;6;350;0.1
0.0120164988776677;0.0119413005001369;0.0117625525518163;0.0115843766935138;0.11;0.11;20;6;350;0.1
0.0106604242710157;0.0107063967088554;0.0105074103969544;0.0104394883360108;0.11;0.1;11;10;350;0.1
0.011704667957749;0.0115975843650229;0.0115165553481628;0.0114585599235361;0.11;0.11;17;6;350;0.1
0.0116448308699706;0.0116257945484248;0.0115125416882022;0.0114891148339161;0.09;0.09;17;6;350;0.1
0.00988500059083831;0.00992315039838679;0.0096101517765692;0.00951719657546052;0.1;0.09;21;10;350;0.1
0.0100944363455199;0.0100940547678217;0.00991479201107256;0.00977226800745346;0.09;0.09;17;6;350;0.1
0.00938508115594258;0.009394643654331;0.00969244353790906;0.00952774264816149;0.06;0.06;22;14;350;0.1
0.0103774775227322;0.0103232858098668;0.0103203520265638;0.0100187835454044;0.1;0.09;17;8;350;0.1
0.00908708080250865;0.00914283090349591;0.00909266739364238;0.00902198371289685;0.08;0.07;19;9;350;0.1
0.0117112475386221;0.011637634609645;0.0115553122271158;0.0113974570028805;0.1;0.08;21;11;350;0.1
0.0107154878952934;0.0107395774251931;0.0105566064487041;0.010139750886096;0.11;0.1;20;6;350;0.1
0.0107839293222299;0.0107844367245451;0.0106085314042687;0.0106539882148631;0.08;0.08;17;19;350;0.1
0.0129953729772353;0.0130937881482348;0.012805042556284;0.0126269268117229;0.11;0.09;19;10;350;0.1
0.0111580945550606;0.0111171534058212;0.010977097818646;0.0106843302482052;0.09;0.09;21;6;350;0.1
0.011378230271642;0.0110205298500851;0.0111219747263786;0.0108672784971295;0.1;0.09;15;7;350;0.1
0.0106810513208611;0.0106154620251678;0.010716472629343;0.0101886492858362;0.08;0.07;18;8;350;0.1
0.0115829589155646;0.0115702797967714;0.0114163363642476;0.0112048031926319;0.09;0.09;16;6;350;0.1
0.010138205293889;0.0101257877630912;0.00997900337800213;0.00994232748108642;0.07;0.07;17;11;350;0.1
0.0106791413831347;0.010651442090489;0.0104782414946179;0.0104780177305024;0.11;0.11;13;13;350;0.1
0.0106462241945329;0.0105640550612253;0.0105148374243452;0.0103455542800302;0.08;0.07;22;6;350;0.1
0.0114333811257774;0.0113560204893551;0.011273238878079;0.0109612438964733;0.11;0.1;19;6;350;0.1
0.0112700813800427;0.011188549135887;0.0111352419299546;0.0109456032407453;0.1;0.09;14;6;350;0.1
0.0104520073013719;0.0104366113537378;0.0104740811437967;0.0104046631500592;0.08;0.08;20;14;350;0.1
0.0129453562564931;0.0129587160228705;0.0126784377590366;0.0123708971713839;0.13;0.12;15;6;350;0.1
0.00943121849655072;0.00935635120761039;0.00931109748571477;0.00933403179788821;0.1;0.09;13;7;350;0.1
0.0110935120361748;0.0110797956441379;0.011042346072855;0.0108022786330699;0.09;0.09;13;12;350;0.1
0.00981707583315551;0.00980034553987557;0.00971079810279144;0.00991044132782972;0.09;0.08;16;12;350;0.1
0.00998334455497058;0.00991709022617773;0.00975976085767145;0.00940665140368454;0.12;0.1;14;6;350;0.1
0.00984600698488457;0.00982714869118663;0.00966091380836373;0.00945809166024946;0.11;0.1;15;6;350;0.1
0.0118635006015083;0.0117491480385223;0.0116681391804754;0.0115861347415466;0.11;0.1;17;11;350;0.1
0.0101979466662447;0.0102804999308084;0.0101318733600492;0.00985247516785267;0.09;0.08;15;7;350;0.1
0.0106700578110442;0.0105605530418635;0.0105331343452512;0.0100974323614561;0.12;0.12;12;6;350;0.1
0.0123244188693693;0.0123449775039189;0.0123017760161232;0.012231585621736;0.1;0.09;16;9;350;0.1
0.00960959226157099;0.00958192570076313;0.00941706949060917;0.0091024806638534;0.11;0.1;18;6;350;0.1
0.0116576055597684;0.0116393933730765;0.0115210623135052;0.0112415169323019;0.11;0.12;14;6;350;0.1
0.0109656842823541;0.0109413758032885;0.0107251773823303;0.0107418584416514;0.11;0.1;19;6;350;0.1
0.0091129591558891;0.00913770898228584;0.00895646723360156;0.00907030311130536;0.1;0.09;16;12;350;0.1
0.0117041287339871;0.0116816553461626;0.0116203575362734;0.0113590426353529;0.11;0.11;21;6;350;0.1
0.0103789051120626;0.0103292740568315;0.0101284553950198;0.00997232465883944;0.1;0.09;16;7;350;0.1
0.00929983893328206;0.00938874960802969;0.00928045998247179;0.00893800324983046;0.11;0.05;19;9;350;0.1
0.0102595214382783;0.0102302956620695;0.0102356081306272;0.00991122696895947;0.07;0.08;20;9;350;0.1
0.0107327748489034;0.0107361240635688;0.0106514754530275;0.0103551469106452;0.11;0.08;16;6;350;0.1
0.0110029217338022;0.0109910888269515;0.0108148463303748;0.0107066027799098;0.1;0.1;16;6;350;0.1
0.0105092246325233;0.0105128543723175;0.0101308254039607;0.0101898002568303;0.12;0.1;14;8;350;0.1
0.0105262805507976;0.0105512484917117;0.0103511457073049;0.00999532475164713;0.09;0.09;13;6;350;0.1
0.010856821849111;0.0108486776105427;0.0105408493508305;0.0105477811587224;0.12;0.11;15;6;350;0.1
0.0107945703692049;0.0107366952717173;0.0106951540022092;0.0105440047919554;0.1;0.1;14;6;350;0.1
0.0104211817134646;0.0103732376610024;0.0102675286971056;0.0101704525422371;0.09;0.09;19;9;350;0.1
0.0112964781277364;0.0112429710091492;0.0111850446347915;0.0109950620927239;0.08;0.09;19;6;350;0.1
0.0114734840057076;0.0113921474038385;0.0113689624110688;0.0110720508485427;0.1;0.07;14;6;350;0.1
0.00970014799445837;0.00969698731698302;0.00956423140059187;0.00931280186134343;0.08;0.08;14;6;350;0.1
0.0106590309511174;0.0106618123379113;0.0103293801693664;0.010416884661664;0.11;0.1;14;14;350;0.1
0.0118436712769994;0.0118663451523193;0.0116965414848901;0.0114426395778295;0.11;0.1;14;6;350;0.1
0.0113888240672906;0.0113704493881188;0.011313614614072;0.0110739136253046;0.1;0.09;15;6;350;0.1
0.00906284855143539;0.00900005024656998;0.00993207306799295;0.0094861856904099;0.05;0.05;19;19;350;0.1
0.00963562765275854;0.00963248930595046;0.00960877845481255;0.00935076698619495;0.1;0.09;18;6;350;0.1
0.00926790721814084;0.00917441564677241;0.00916749495921018;0.00899268518505233;0.11;0.09;13;6;350;0.1
0.0104477595924903;0.0104680096152499;0.010770005553095;0.0104889293485437;0.07;0.07;21;6;350;0.1
0.0107229810527614;0.0107509486300265;0.0105892058789151;0.0103836209573293;0.1;0.09;15;6;350;0.1
0.0111927934706388;0.0110829927835857;0.0109244509214708;0.0108040261599186;0.1;0.09;22;10;350;0.1
0.0108525444813265;0.0108139310636759;0.0106113485280626;0.0104252806600189;0.11;0.1;13;7;350;0.1
0.0116788009869238;0.0117052458671607;0.0116060010842384;0.0110714146742098;0.1;0.09;16;7;350;0.1
0.0100516380258273;0.0098272027036105;0.00991089367554395;0.0098088791899386;0.11;0.1;13;8;350;0.1
0.0115036682716802;0.0114822121627301;0.0111774454369681;0.011125793581573;0.12;0.12;17;8;350;0.1
0.0104166528702091;0.0102518539661523;0.0102036937943197;0.00983517979571549;0.1;0.1;17;8;350;0.1
0.0105802678084545;0.0105738394017933;0.0105504491339736;0.0102505283770976;0.08;0.09;16;6;350;0.1
0.0133227880827057;0.0130875729102076;0.0131678800637855;0.0127945798545226;0.11;0.1;17;6;350;0.1
0.0108425610673866;0.010826302950208;0.0106342697295376;0.0101393094375631;0.11;0.1;15;6;350;0.1
0.0109405594081101;0.0109342164020836;0.0107859980994191;0.0105760990064024;0.08;0.09;17;8;350;0.1
0.00995484453301654;0.00969939915187478;0.00975460630867327;0.00953813064598589;0.11;0.1;14;6;350;0.1
0.00918710067958403;0.00920527319340999;0.00905747258352541;0.00889524828886075;0.1;0.09;20;6;350;0.1
0.0096535486262985;0.00958014650582258;0.00936875655302618;0.00940829138409455;0.11;0.1;15;6;350;0.1
0.00961891586310858;0.00959819251769897;0.00938628612976636;0.00915687636147018;0.1;0.09;18;6;350;0.1
0.0108481948762602;0.010556221921591;0.0105377483371873;0.0102776359999396;0.12;0.11;16;6;350;0.1
0.0112062607236769;0.0110955074747728;0.0109431388409905;0.0107562855833856;0.11;0.1;12;6;350;0.1
0.0121180239091091;0.0120094598218466;0.0118649718386445;0.0118158262593111;0.11;0.1;11;7;350;0.1
0.0102464616122156;0.0103417649698511;0.0101990781863871;0.0100684746769437;0.06;0.07;22;6;350;0.1
0.0088874942610077;0.00861216255982404;0.00880936653124205;0.00846778932316933;0.1;0.09;18;6;350;0.1
0.0105108533946492;0.0104619950331122;0.0102548026629152;0.0101182618137304;0.11;0.09;14;6;350;0.1
0.00993274169975108;0.00998041402179393;0.00977216721483435;0.00964599660470067;0.08;0.08;18;6;350;0.1
0.0108627884716443;0.0107758008718131;0.0105532793273777;0.0105576845031528;0.08;0.08;19;6;350;0.1
0.00962918477234862;0.00950755941899314;0.00944150494771485;0.00929501454288547;0.11;0.1;19;7;350;0.1
0.0108085236354384;0.0106470559546444;0.0106712064407381;0.0105127824220384;0.11;0.11;15;6;350;0.1
0.0104324261910201;0.0104350686287239;0.0102519634593503;0.00990856526785538;0.11;0.1;19;6;350;0.1
0.0108849361033072;0.0107465483165013;0.0107229384105434;0.0104895582681989;0.1;0.09;17;6;350;0.1
0.00979437838532706;0.00965541581472193;0.00962055591414379;0.00951008206259847;0.1;0.09;18;8;350;0.1
0.0105528856206667;0.0105873074255832;0.0103896309335143;0.010275894602892;0.1;0.09;19;6;350;0.1
0.00993217282766846;0.00976639647836998;0.00974540301911519;0.00955238583232377;0.09;0.09;19;6;350;0.1
0.0108161924226354;0.0106896606049012;0.0107323847937354;0.0104596713238348;0.1;0.09;17;6;350;0.1
0.0122125952450706;0.012130269289685;0.0119677515837108;0.0117835987825197;0.11;0.1;12;6;350;0.1
0.0105503294486632;0.0105966515511667;0.0103826990167512;0.0104141918685795;0.1;0.09;20;11;350;0.1
0.0112518992306502;0.0112217981217052;0.010987651494395;0.0106338465320798;0.11;0.1;16;9;350;0.1
0.0101817864356611;0.0100064756249224;0.0100207183964422;0.00978041779382648;0.11;0.09;16;6;350;0.1
0.0107353883965982;0.0107618063032875;0.0105757292333326;0.0102774247499523;0.11;0.09;19;6;350;0.1
0.0114367697255423;0.0112613114045855;0.0110694216063504;0.0108759341880165;0.11;0.1;16;6;350;0.1
0.0111007329263915;0.0105785822793097;0.010924866044391;0.0107685688738658;0.08;0.09;14;7;350;0.1
0.0094703053986028;0.00933332821337641;0.0091950829538735;0.00896704478913495;0.1;0.09;18;8;350;0.1
0.00992724260505441;0.00993820746053318;0.00964278733430211;0.00956593146470681;0.11;0.1;15;6;350;0.1
0.00968588042618616;0.00970856831420479;0.0095932413175129;0.0093206088825551;0.11;0.1;19;7;350;0.1
0.011280792299429;0.0113048973677053;0.0111159904338679;0.0104951197515772;0.11;0.09;16;6;350;0.1
0.0112208445991029;0.0112304111765858;0.0111274422895964;0.0108498640448888;0.09;0.08;15;6;350;0.1
0.0099911254968766;0.0100268134665783;0.00979602730261677;0.00985625767405377;0.1;0.09;17;7;350;0.1
0.00952811044961992;0.00948132930082451;0.00940485646453246;0.00904514605756734;0.09;0.09;15;6;350;0.1
0.0111363376447208;0.0110790097770073;0.0108490798459454;0.0107559175454398;0.12;0.12;14;6;350;0.1
0.0100129365589969;0.0100184503376282;0.0097620110113043;0.00946635387144088;0.11;0.1;15;6;350;0.1
0.0100087732129486;0.0099253875687732;0.00983907992991134;0.00984547557180462;0.1;0.09;16;7;350;0.1
0.00910953808345845;0.00911361387904163;0.00895130652939839;0.00883588470472912;0.1;0.09;15;7;350;0.1
0.0103831775439846;0.01038805597286;0.0102053526762076;0.00998080077643787;0.08;0.08;18;9;350;0.1
0.0110754699012454;0.0110995636764999;0.0108950639257434;0.0106549305125369;0.11;0.1;16;6;350;0.1
0.00974993639834229;0.00971616590881315;0.00958272865452682;0.00935740815671963;0.11;0.11;14;6;350;0.1
0.0109392162727154;0.0108983573596617;0.0106155729589707;0.0104327912181439;0.11;0.11;13;6;350;0.1
0.0114926902849801;0.011549617883822;0.0113958907822289;0.0114087930240736;0.1;0.09;20;8;350;0.1
0.0111651063233709;0.0110402103306656;0.010897703231021;0.0106312872764442;0.11;0.09;17;7;350;0.1
0.0101185513766659;0.00988882679428834;0.00995097475543588;0.00962807663064603;0.1;0.09;19;7;350;0.1
0.0121644784607965;0.0121512331395992;0.0120601416770273;0.0117766736883905;0.08;0.08;13;7;350;0.1
0.0106095547713125;0.0104644126205766;0.0104507346542666;0.0100228866741024;0.11;0.09;13;7;350;0.1
0.0110049971015938;0.0107405490709867;0.0106593591411888;0.0105063892724181;0.12;0.1;13;6;350;0.1
0.0106031892682071;0.0105674589091639;0.0102743938422937;0.0101756033593212;0.09;0.09;16;6;350;0.1
0.0104084838868882;0.0103509065333134;0.0102476595463998;0.0101116803646364;0.11;0.1;15;6;350;0.1
0.0107454953792389;0.0106884995927006;0.0106602878102332;0.0104057828557735;0.1;0.09;16;9;350;0.1
0.0103886849473106;0.0103954780191415;0.0103274934766405;0.0101099069625627;0.08;0.08;22;6;350;0.1
0.0101164285127804;0.00994698651532042;0.00998951038471035;0.00969402039698076;0.09;0.09;17;6;350;0.1
0.0103885077986622;0.0104510220491845;0.0102777980873106;0.0102901432628969;0.08;0.08;15;6;350;0.1
0.0123605938824938;0.0123047347343242;0.0123504430681958;0.012219192643572;0.06;0.08;21;6;350;0.1
0.00994754463732172;0.00996018514938483;0.00967770772927202;0.0095857524810181;0.1;0.09;14;6;350;0.1
0.00965592340654689;0.0096263026755329;0.00951985302206174;0.00921975842491231;0.11;0.1;14;7;350;0.1
0.0107201671717566;0.0107626121359884;0.0105582740776157;0.0103151582514266;0.07;0.09;20;6;350;0.1
0.0118341594299425;0.0117506461660055;0.0116541685232831;0.0114307572780607;0.11;0.11;15;6;350;0.1
0.0103788727276019;0.0101608104569855;0.0101645705515863;0.00990678796880031;0.1;0.1;17;8;350;0.1
0.0105518775782809;0.010620819871247;0.0103863680377956;0.010104784410107;0.08;0.09;17;8;350;0.1
0.0105997820663585;0.0106338293409516;0.0103829163752052;0.0100637538645672;0.08;0.08;18;6;350;0.1
0.00966971138033125;0.00966636623685303;0.00976612516524257;0.00952039767160195;0.09;0.08;22;8;350;0.1
0.0109154690576747;0.0108818950278393;0.0106282967297726;0.0105331713572626;0.12;0.12;14;6;350;0.1
0.0109257158344953;0.0106962392969744;0.0110887326759855;0.0106361095677708;0.07;0.07;14;7;350;0.1
0.011876471890691;0.0115840147399711;0.0116484931289718;0.0112699757082168;0.11;0.1;16;8;350;0.1
0.0117906526188067;0.0117697133100387;0.0116925543938822;0.0114675110254482;0.09;0.09;16;6;350;0.1
0.0101061124448136;0.010016962169185;0.0099891808561243;0.00980501686133543;0.1;0.09;19;6;350;0.1
0.0104459437888913;0.0104219775027567;0.0102278163042241;0.0101456006041956;0.1;0.09;15;6;350;0.1
0.0107609933543375;0.0106780511774959;0.0108360359457107;0.010493637693461;0.07;0.07;17;6;350;0.1
0.0108581579049262;0.0107467277352782;0.0105887916653191;0.0103763695929021;0.11;0.1;15;6;350;0.1
0.0110315245636465;0.0110658764512051;0.010791546665759;0.0104556714292229;0.11;0.09;16;6;350;0.1
0.00977589944624027;0.00973348124512211;0.00957496093289978;0.0094511559780525;0.11;0.09;13;13;350;0.1
0.0101289080290287;0.0100144376903333;0.0100205202415101;0.00970853950900506;0.1;0.09;17;8;350;0.1
0.0108198314903662;0.0106114406773132;0.0106251560900657;0.0103841122335453;0.1;0.09;15;8;350;0.1
0.0105862401238661;0.0103790391764319;0.0104140913818564;0.0100792131937569;0.1;0.09;20;6;350;0.1
0.00993027345459399;0.0098716474705686;0.00968176648269933;0.00951651725287302;0.1;0.09;13;7;350;0.1
0.0118817756781602;0.0118674529300105;0.0117094752088033;0.0114518808779367;0.1;0.1;17;6;350;0.1
0.0120434117807052;0.0119271960000145;0.0119081449699764;0.0117815608825872;0.1;0.09;21;6;350;0.1
0.0112771293837837;0.0109102183979639;0.0107850743331507;0.0108025009693789;0.11;0.1;13;6;350;0.1
0.0111210177862564;0.0111641584775345;0.0110578445886688;0.0110930952200505;0.08;0.08;16;18;350;0.1
0.0122226430278775;0.0121927960973109;0.0119033481528912;0.0116773087783269;0.12;0.11;15;6;350;0.1
0.0115978926265159;0.0116160632762628;0.0114318433700028;0.0113033722823909;0.1;0.09;16;6;350;0.1
0.00995980305927215;0.0100234359052194;0.00986758847917876;0.00974601939640638;0.08;0.08;19;6;350;0.1
0.0109012389234965;0.0109034967748326;0.0107072712592859;0.0105886446655424;0.12;0.11;16;6;350;0.1
0.0110644241035815;0.0110680104014701;0.0108035641665559;0.0105480095456467;0.1;0.09;15;6;350;0.1
0.0100150072266498;0.00996009634849799;0.00999564526036643;0.00997342737295595;0.08;0.08;14;6;350;0.1
0.01117732281667;0.0112649680113986;0.0110098811605928;0.0108229622988891;0.05;0.05;19;6;350;0.1
0.00815407091303882;0.00806992893874777;0.00807837342839467;0.00794223687163429;0.09;0.08;21;21;350;0.1
0.0109656533844073;0.0109660037662399;0.0107378711860655;0.0104943702926062;0.12;0.11;15;6;350;0.1
0.0108700030037336;0.010913481593711;0.0107022350762283;0.0105084042434816;0.1;0.09;13;6;350;0.1
0.0118658817446834;0.0119124541154499;0.0116735017943403;0.0115136050717598;0.07;0.07;17;6;350;0.1
0.00989628824600735;0.00994285716152427;0.00972947280499806;0.00937269115879405;0.09;0.09;16;7;350;0.1
0.0115590276115174;0.0115643419630505;0.0112493857544235;0.0109721097569397;0.11;0.09;15;6;350;0.1
0.0112875883576411;0.011151260163598;0.0110338248928066;0.0106726514668027;0.12;0.11;15;6;350;0.1
0.0114572413377691;0.011495579126357;0.0113614704220784;0.0109925553183427;0.08;0.09;18;6;350;0.1
0.0123746171060839;0.0124081900292007;0.0121706655079576;0.0119552764541971;0.09;0.08;18;9;350;0.1
0.0098016096616485;0.00974827711959568;0.00957424838232346;0.00922851083936538;0.09;0.09;21;9;350;0.1
0.0102997450662128;0.0102557741087951;0.0100996667566769;0.00987195497893209;0.11;0.09;15;9;350;0.1
0.0119667353796428;0.0120018886180777;0.0118397383351854;0.0115585951407078;0.09;0.09;19;6;350;0.1
0.0113530492687819;0.0113349147302278;0.0115031344560557;0.0111181570931168;0.07;0.07;18;6;350;0.1
0.0114156539559751;0.0113697133399348;0.0111328152823506;0.0109456541285917;0.12;0.12;16;6;350;0.1
0.00973394300898633;0.00958456425691809;0.00961340514467229;0.00942722560784684;0.1;0.09;19;6;350;0.1
0.00951170964428117;0.00944544895280105;0.00915371454448093;0.00909895678124977;0.1;0.09;16;6;350;0.1
0.00997997200078517;0.009992457901792;0.00979382586624953;0.00974215501938675;0.11;0.1;15;6;350;0.1
0.0102745904638562;0.0101363932046446;0.0103270855873168;0.0100608832500623;0.08;0.08;19;10;350;0.1
0.0099048059726821;0.00992946320598136;0.00992519792883198;0.00956118150619526;0.09;0.08;12;7;350;0.1
0.00949953729130412;0.00956190904977988;0.00956230426397658;0.00920175234242831;0.07;0.07;17;6;350;0.1
0.0107109946735776;0.0107555836406813;0.0104247464965083;0.0103336050901391;0.09;0.09;15;6;350;0.1
0.0114679285558809;0.0114076920122201;0.0113826332866884;0.011017134293982;0.08;0.08;16;7;350;0.1
0.00966982579946208;0.00974331509624795;0.0094988122451863;0.00926149366897383;0.08;0.07;19;7;350;0.1
0.011954727838115;0.0120680966497766;0.0118077800079131;0.011691067071524;0.11;0.09;16;11;350;0.1
0.0105239165079777;0.010567026931922;0.0103882222676407;0.0103101044455737;0.1;0.1;18;6;350;0.1
0.00959124793086807;0.00965653433486706;0.00949406305296732;0.00931167392015326;0.11;0.09;15;6;350;0.1
0.0107110240605209;0.0107367398657296;0.0104314232842939;0.0102243027267167;0.09;0.09;14;6;350;0.1
0.00988024203917556;0.0097940342205694;0.00990898900245126;0.0096439536213417;0.07;0.08;13;21;350;0.1
0.010267535676147;0.0102010764841265;0.00997641523519455;0.0100464844579079;0.07;0.09;15;8;350;0.1
0.0092666493432418;0.00921956255243316;0.00918947923024525;0.00887167260105294;0.09;0.09;19;6;350;0.1
0.0116482509429283;0.0115890320644884;0.0114901918178893;0.0111660009531498;0.12;0.1;19;6;350;0.1
0.0109804240241535;0.0108502738928408;0.0108010632638032;0.0104145971693396;0.11;0.1;20;6;350;0.1
0.00940312722101252;0.00945711931676565;0.00951945510950976;0.00933969791817925;0.08;0.08;17;15;350;0.1
0.010729005046466;0.0106716440011645;0.0106640181743491;0.0106489325356438;0.08;0.08;19;19;350;0.1
0.00980124105245269;0.00987568392152555;0.00982487574698919;0.00962694273701752;0.07;0.07;18;6;350;0.1
0.0105824257479108;0.0105188290649239;0.0104702692362498;0.0103498400561411;0.11;0.09;19;6;350;0.1
0.0100494845478696;0.00998261461889574;0.0098379475176201;0.0096796223005446;0.11;0.09;17;6;350;0.1
0.00960335217011995;0.00946029311840584;0.00937999143474896;0.00915470298009331;0.1;0.09;14;6;350;0.1
0.0106506730173776;0.0105937085962016;0.0105381683751142;0.0102625410369633;0.1;0.09;17;7;350;0.1
0.0101359566936884;0.010159209042035;0.00981634428282939;0.00979637870635093;0.11;0.1;14;6;350;0.1
0.0116976579972568;0.0116680701629435;0.0115266736419022;0.0112106221194918;0.1;0.09;15;8;350;0.1
0.0106973554081194;0.010571056889196;0.0105507827846898;0.0102079457989635;0.11;0.1;18;6;350;0.1
0.0094451126482137;0.00949941567133834;0.00923763447661645;0.00913684385857094;0.09;0.08;21;6;350;0.1
0.010951733814297;0.0107111231432623;0.0107757689295879;0.0106216818534101;0.11;0.1;18;6;350;0.1
0.0100508080670979;0.0100761032608995;0.00988016325340753;0.00963858932733794;0.1;0.09;18;6;350;0.1
0.010513085678173;0.0102969692282984;0.0103810613760225;0.0101202571327847;0.11;0.09;18;7;350;0.1
0.0108641349855294;0.0109182013938869;0.0107609010069277;0.0110035743275399;0.08;0.08;15;17;350;0.1
0.00979405227172389;0.00980854017608403;0.00954135612226579;0.00935399420026541;0.1;0.09;15;6;350;0.1
0.00996947317367297;0.00992350256587004;0.00983696843317547;0.00971784387669404;0.11;0.1;20;6;350;0.1
0.0112935842600497;0.0113684776414314;0.011190962388418;0.0109161362497505;0.1;0.1;17;6;350;0.1
0.00899694902209576;0.00897033129640556;0.00887805555749912;0.00853314981208796;0.08;0.08;21;7;350;0.1
0.0105802499603266;0.0104134408197503;0.0102610416218624;0.0100250581002634;0.12;0.1;14;7;350;0.1
0.00989191092566308;0.00980863021012983;0.00978746043562238;0.00960748140914195;0.11;0.1;16;6;350;0.1
0.00933651748519829;0.00939767403735756;0.00935756297952492;0.00897915280833556;0.08;0.07;17;7;350;0.1
0.00991066367378085;0.00995255702602343;0.00985850700622347;0.00967423228941518;0.07;0.07;14;6;350;0.1
0.0116581226998152;0.0116620495873476;0.0115940458676391;0.011700002204815;0.08;0.08;18;8;350;0.1
0.0100013716703963;0.00994595029241345;0.00987707019241965;0.00957529010194733;0.1;0.09;14;6;350;0.1
0.0110266518269746;0.0110082913237475;0.0107734306035138;0.0104902355053158;0.12;0.11;19;6;350;0.1
0.0104217593561534;0.0104276753302399;0.0101642390123151;0.0100692451444669;0.11;0.1;16;7;350;0.1
0.0106703915189408;0.010438023904595;0.0104724811813912;0.0102632449606333;0.11;0.09;15;10;350;0.1
0.0102370016855798;0.0101519709438362;0.0100537564697528;0.0099178537431613;0.11;0.1;17;12;350;0.1
0.010937968598344;0.0109628414100514;0.0109864869323303;0.0105625135395568;0.09;0.08;17;6;350;0.1
0.0091230077508066;0.00907001235510333;0.00899440496595133;0.00916410560528077;0.08;0.09;16;6;350;0.1
0.0102512869255825;0.0102680012499987;0.0102722203178791;0.0102404443028578;0.09;0.08;18;18;350;0.1
0.0113974418172085;0.0112368662119593;0.0111667361221718;0.0109039625625037;0.11;0.1;16;6;350;0.1
0.0100966961897167;0.0100686192245582;0.00982392707845656;0.00970302442858832;0.1;0.09;18;6;350;0.1
0.0104689061861626;0.010489801499129;0.010250324823431;0.00999813322666198;0.11;0.1;13;7;350;0.1
0.00986640228361276;0.00993399956610118;0.00975978130763639;0.0096180070040609;0.06;0.06;16;6;350;0.1
0.0116541960771028;0.0114608479232818;0.011387195290622;0.0111797761581924;0.1;0.09;13;6;350;0.1
0.00943522518376105;0.0092607261781414;0.0094013594133472;0.00907623000377592;0.08;0.09;21;6;350;0.1
0.0100575804749249;0.0100729494213944;0.00985871006332241;0.00968468652386299;0.1;0.09;18;6;350;0.1
0.0119977996852155;0.0119380292268443;0.0120288885686387;0.0118044002139791;0.09;0.08;14;6;350;0.1
0.0105506669870006;0.0101319987887051;0.0102284802773384;0.0101872016139031;0.11;0.09;15;6;350;0.1
0.0111246020936941;0.011107924652163;0.0107315870500715;0.0105868202670937;0.11;0.11;15;6;350;0.1
0.0116937138487246;0.0117305056398616;0.0117502657413293;0.011452163499567;0.09;0.08;21;6;350;0.1
0.0102188985894689;0.00993589243806648;0.0105762063214052;0.0101575461976415;0.05;0.05;14;22;350;0.1
0.0116162376101738;0.011388787227402;0.01149996613717;0.0109588939645989;0.11;0.09;21;6;350;0.1
0.00941078459957803;0.00936299708097333;0.00923815352298357;0.00914571208048884;0.11;0.1;18;8;350;0.1
0.0109975285614003;0.0109273150119608;0.0108018021423265;0.0105432823818196;0.1;0.09;19;6;350;0.1
0.0103053700226361;0.0102212861464373;0.0102353020066784;0.0100330572937275;0.08;0.09;20;6;350;0.1
0.0113815516603076;0.0113656528357211;0.0111833235191794;0.0109451922122204;0.11;0.09;15;11;350;0.1
0.00968478237283671;0.00966427035566537;0.00936219382218996;0.00947969822218157;0.11;0.11;13;8;350;0.1
0.0112527318287156;0.0112885051399568;0.0110629504326316;0.0107952298693975;0.11;0.1;18;7;350;0.1
0.0119150704158618;0.0118331738778029;0.0116642402849388;0.0112849495984215;0.12;0.11;14;6;350;0.1
0.0109302266464044;0.0108113250986805;0.0109482127308238;0.0106496256093391;0.06;0.07;22;6;350;0.1
0.0105562865255069;0.010557277428641;0.0105413990774311;0.0102988923092606;0.08;0.08;14;9;350;0.1
0.0110831135719152;0.0110852346172533;0.010836008245129;0.0107609166802428;0.1;0.09;17;7;350;0.1
0.0102662800939072;0.0103253304256567;0.0101257230965079;0.00996304369363408;0.12;0.1;12;6;350;0.1
0.00928592085091829;0.00913520315353821;0.0092391158670955;0.00904047992117757;0.1;0.09;18;6;350;0.1
0.0101026963764656;0.0100198266041408;0.0100008387936546;0.00984227337309479;0.11;0.09;21;6;350;0.1
0.0109410970332856;0.0107820825674753;0.0108506045438227;0.0104300368619531;0.08;0.08;17;6;350;0.1
0.0110187170987593;0.010937298819882;0.010884898607746;0.0104865724695027;0.11;0.1;13;7;350;0.1
0.0117966049125193;0.0117562018770572;0.0114738874640488;0.0114935560850221;0.11;0.1;15;15;350;0.1
0.00978975397473392;0.00951483125104528;0.00978317613897935;0.00936545354526551;0.08;0.08;19;16;350;0.1
0.00904225792206517;0.00901604430657371;0.00882923166045044;0.00879218708472783;0.09;0.08;13;13;350;0.1
0.00992176657691494;0.00995840466504952;0.00976165418440981;0.00933782705011721;0.1;0.09;16;6;350;0.1
0.0120227968003956;0.0120239261134158;0.0117795966675216;0.0115181957357059;0.1;0.09;16;6;350;0.1
0.0114014741490734;0.0110902707381794;0.0111623244084004;0.0109644352209681;0.11;0.11;16;7;350;0.1
0.0100979713876162;0.0100572831515747;0.00972825484186983;0.00966734252396392;0.11;0.1;16;6;350;0.1
0.00996376500263912;0.0100397275460881;0.00995076021131723;0.00987727630195974;0.07;0.07;19;7;350;0.1
0.00979506177745351;0.00976213085563499;0.00957758420157876;0.00932353602114927;0.1;0.09;14;6;350;0.1
0.00859204760882444;0.0086552406152137;0.008615404984754;0.00834845568475349;0.08;0.07;18;9;350;0.1
0.0107005656886437;0.0106887584250773;0.010399148812945;0.0103224288998082;0.11;0.09;16;6;350;0.1
0.0109048339070187;0.0109357864601498;0.0108502882156965;0.0106563576487297;0.08;0.08;22;9;350;0.1
0.0104422604832512;0.0104982407359307;0.0103134293436246;0.0102953212111303;0.08;0.08;17;9;350;0.1
0.00990535629850319;0.00991279571999297;0.00968086076197567;0.00952022279119358;0.11;0.1;16;6;350;0.1
0.00869658663875616;0.00868727871619043;0.00846775940232251;0.00839510225474459;0.07;0.07;18;8;350;0.1
0.0112949301481376;0.0112872557595412;0.0112437904332226;0.0110727130503847;0.09;0.09;16;7;350;0.1
0.0113229789163257;0.0110933088183142;0.0114111259582826;0.0109924799471069;0.07;0.07;18;6;350;0.1
0.0102141593734424;0.0102402751135006;0.00990078224825539;0.00980576416867383;0.12;0.1;15;6;350;0.1
0.0119195152091407;0.0113637813613018;0.0117087271725346;0.0112520648330602;0.11;0.09;17;6;350;0.1
0.0106738634849234;0.0106173167869554;0.010456951551758;0.0101039659884272;0.11;0.1;17;8;350;0.1
0.0118802717257574;0.0118844881910158;0.0116187502228065;0.011515071010288;0.11;0.11;13;6;350;0.1
0.0110846859944156;0.0111038718143558;0.0111386632095814;0.0108713527368567;0.09;0.09;21;6;350;0.1
0.0105270763623546;0.0106230491830199;0.0109921661242844;0.0105273569950616;0.06;0.06;21;7;350;0.1
0.00902883791833376;0.00888940220324265;0.00889796109400012;0.00888110848775091;0.09;0.09;14;7;350;0.1
0.00881943879103024;0.00882390551932867;0.00878941727148053;0.00861894017309944;0.09;0.07;15;6;350;0.1
0.0112707607352689;0.0112669863537964;0.0112386284067126;0.0107404448660918;0.08;0.09;15;6;350;0.1
0.00921126885844132;0.00921068935136438;0.00936888704198779;0.00933672599995275;0.07;0.07;17;9;350;0.1
0.0101312048855012;0.0101007426194128;0.0100395257470801;0.0098899473491177;0.1;0.09;12;6;350;0.1
0.011231612395378;0.011236768461438;0.0110903853985455;0.0107789868539296;0.08;0.09;17;6;350;0.1
0.0104497122229384;0.0104514648286977;0.0102669032982296;0.00998309557561199;0.09;0.1;12;6;350;0.1
0.00932356634811158;0.0092358771804021;0.00909046442596158;0.00891198694695148;0.11;0.1;15;6;350;0.1
0.00992638881389776;0.00986483236409656;0.00975207162122725;0.00978888015058992;0.08;0.09;14;6;350;0.1
0.0097319532068615;0.00961619477511944;0.00957206584076952;0.00964958777057578;0.09;0.09;18;13;350;0.1
0.0103690370638531;0.010448508868622;0.0101385808380043;0.00997725105235327;0.1;0.09;15;6;350;0.1
0.010426432627365;0.0104221819642208;0.0102282186850405;0.0100531415918246;0.12;0.12;15;8;350;0.1
0.0112962578940925;0.0113285836084508;0.01113226740265;0.0110659630528479;0.07;0.07;17;10;350;0.1
0.0100571197666231;0.0100131605085672;0.00982407462618947;0.00959676376103938;0.12;0.11;14;6;350;0.1
0.009580018672964;0.00954929825032163;0.00930460764048131;0.00921283989818741;0.11;0.1;18;6;350;0.1
0.0117276816163637;0.0117580647100618;0.0114373523650381;0.0115116610109339;0.11;0.1;18;13;350;0.1
0.010920258827518;0.0108585725285363;0.0107571980255093;0.0103425886664632;0.11;0.09;17;6;350;0.1
0.0099603874193411;0.0099351213376218;0.00977692913141391;0.00947337406115529;0.12;0.11;16;7;350;0.1
0.0122343917482791;0.0122630603456512;0.0120618405772196;0.0119438947800475;0.1;0.09;22;6;350;0.1
0.0120508697500902;0.0119569620566247;0.0119508937641035;0.0113247701358562;0.11;0.09;16;8;350;0.1
0.00941284932953221;0.0093850807876472;0.00927880870485214;0.0090461018483178;0.1;0.09;17;10;350;0.1
0.0107405009366358;0.010579583544874;0.0104835424233835;0.0104125635025818;0.09;0.09;13;6;350;0.1
0.0106238146701986;0.010506821599743;0.0104968878767865;0.0103050245062445;0.09;0.09;18;6;350;0.1
0.0102646412497146;0.0102819883240671;0.0101543979371825;0.00985374067396166;0.11;0.09;17;6;350;0.1
0.0105770555696185;0.0105159117020805;0.0103190979452094;0.0102954152193511;0.1;0.1;13;6;350;0.1
0.010691784893793;0.0106460093726338;0.0105298323235014;0.0102701323576161;0.12;0.09;20;6;350;0.1
0.0111055179484329;0.0111203444738644;0.0107800439552131;0.0107216611231291;0.11;0.09;15;7;350;0.1
0.00986449947014334;0.00978444887006478;0.00978301203066736;0.00962961929213076;0.1;0.09;19;6;350;0.1
0.0114493319866276;0.0114664718264893;0.0111888411289143;0.0110322119726426;0.11;0.11;14;6;350;0.1
0.00918627711481689;0.00920113504979517;0.00936694020007465;0.00892108190658957;0.07;0.07;16;7;350;0.1
0.0114251815411295;0.0114576479522678;0.0111186276643472;0.01083412140138;0.08;0.09;13;7;350;0.1
0.0112114289148321;0.0111433991566018;0.0110122004564806;0.0106419241092733;0.08;0.09;19;7;350;0.1
0.0102071337570105;0.0100725038924828;0.0100940563751225;0.0097149190464372;0.09;0.09;20;6;350;0.1
0.0107824894273916;0.0107728322463971;0.0106376993773785;0.0103370525021478;0.09;0.09;16;7;350;0.1
0.00975688156057857;0.00980586234238918;0.00964361187029559;0.00942452523464357;0.09;0.09;17;6;350;0.1
0.00952349378886059;0.00954110960947918;0.00932439978031069;0.00903183316686409;0.09;0.09;19;6;350;0.1
0.0119254128872912;0.0119746378465091;0.0117860519211888;0.0117583147355589;0.1;0.09;21;8;350;0.1
0.011888971281463;0.0118429228793039;0.0117097126693515;0.0116393726095369;0.1;0.1;16;6;350;0.1
0.0105309783419026;0.0105750807564702;0.0102328314237474;0.0101222555259208;0.1;0.09;17;7;350;0.1
0.0101546650298035;0.0100286423584912;0.00986855365244402;0.00989154151930968;0.12;0.11;17;8;350;0.1
0.0116942967228307;0.0116003581667136;0.0114564196906065;0.0111781858542662;0.1;0.1;18;8;350;0.1
0.0101682642986038;0.0101292460683799;0.0100600080106092;0.00990578711745523;0.11;0.1;13;8;350;0.1
0.0106485077029092;0.010629738700907;0.0104739407571255;0.0103278403772978;0.1;0.1;14;6;350;0.1
0.0106147318864745;0.0105719989354142;0.0104192219469916;0.0101912963759756;0.08;0.08;19;6;350;0.1
0.0108408521425233;0.0106032027102783;0.0105915081898316;0.0104019443556087;0.12;0.1;17;11;350;0.1
0.0098008920305035;0.0098108538461676;0.00972920507369359;0.00939327418430576;0.08;0.08;22;6;350;0.1
0.00948949861048122;0.00943233795494659;0.00943534271195196;0.00891534347186226;0.08;0.08;17;9;350;0.1
0.00984650893945824;0.00982769021960953;0.00959613790909711;0.00939594118637963;0.11;0.09;13;6;350;0.1
0.0115703518855363;0.0114975407825095;0.0114305271593606;0.0112870228746281;0.07;0.07;22;8;350;0.1
0.0111245538458496;0.0110664597937048;0.0108006871854208;0.0105923386489595;0.1;0.09;15;7;350;0.1
0.0109574165491418;0.0109986185010402;0.0106741839790757;0.0103130053316039;0.09;0.09;15;6;350;0.1
0.0114351687726068;0.0112821278489499;0.0112479523570885;0.010837374917106;0.09;0.08;17;9;350;0.1
0.0102815315680401;0.0102896178912331;0.0101849806996681;0.00998040349197083;0.07;0.08;16;6;350;0.1
0.0097314359805746;0.00976272686565653;0.00946631506535651;0.00934639908369936;0.09;0.09;17;6;350;0.1
0.0113303093614408;0.0113345786094693;0.0111938095618047;0.0110041222246268;0.08;0.08;20;7;350;0.1
0.0102126408829475;0.00997834245887935;0.010080888224079;0.00986742896616072;0.1;0.07;17;8;350;0.1
0.00969426980220143;0.0096166241341596;0.00956483776046436;0.00930261783264167;0.09;0.08;19;9;350;0.1
0.00980499900114469;0.00978193415127977;0.00989911436228428;0.00995389212305943;0.07;0.07;17;17;350;0.1
0.0116608156381521;0.0116946608316203;0.0114324195275656;0.0113015140990086;0.1;0.09;16;6;350;0.1
0.00975097225294211;0.00984132270177308;0.00965687731460695;0.00934890219407225;0.08;0.07;22;10;350;0.1
0.00993871567921532;0.00989570845276561;0.00984443919932546;0.00970082324379394;0.08;0.09;16;6;350;0.1
0.00978960624340808;0.0098135415099295;0.00966109614036124;0.00980857506416706;0.08;0.08;21;21;350;0.1
0.0108572174042167;0.0107618986235093;0.0107359823314645;0.0107450279211093;0.09;0.09;17;12;350;0.1
0.00897949689323799;0.00902361394555666;0.00883305516285029;0.00863577744006221;0.1;0.09;15;6;350;0.1
0.0099301862422167;0.00966785342158743;0.00980801408964559;0.00955185445614138;0.1;0.1;17;6;350;0.1
0.0110411377065265;0.0109714350413934;0.010728364930211;0.0103850330629489;0.11;0.1;14;6;350;0.1
0.0106581280489244;0.0106392446780567;0.0105030544461355;0.0101552871369696;0.1;0.1;18;6;350;0.1
0.0103455545383347;0.0101656601776536;0.0100376483431476;0.0100757645053711;0.09;0.09;13;6;350;0.1
0.00945114035106981;0.00947932598136781;0.00912140290670758;0.00927138081618658;0.11;0.09;20;8;350;0.1
0.0114137330814878;0.0114396607764963;0.0113380400579514;0.0109896175354085;0.08;0.08;18;6;350;0.1
0.010278235332264;0.0102369213607526;0.010147651429428;0.0101153006142277;0.09;0.09;22;22;350;0.1
0.00977115144873497;0.00980422238199732;0.00950841566148197;0.00917712270270974;0.1;0.1;16;6;350;0.1
0.0101421270800583;0.010054120243258;0.00986832031323741;0.00971752041666702;0.11;0.09;17;6;350;0.1
0.0102739643891416;0.0103062427694641;0.0102698512172508;0.0100056720786385;0.07;0.08;16;6;350;0.1
0.0112697751427303;0.0111651328510364;0.0112896340067054;0.0113049196879849;0.07;0.07;21;6;350;0.1
0.00964757763472183;0.0096874958824554;0.00972170806071053;0.00953964851936397;0.07;0.07;20;7;350;0.1
0.0107385810485334;0.0106387236518223;0.0105267599750274;0.0102999336108746;0.11;0.1;18;6;350;0.1
0.0107769089674754;0.0107648910925016;0.0105088939729972;0.0102901085684309;0.09;0.08;18;8;350;0.1
0.0105248888591541;0.010482316826148;0.0104137875650511;0.00990824818477307;0.11;0.09;16;7;350;0.1
0.0110208480433299;0.0111038019339514;0.0109128434424226;0.0108898045607908;0.05;0.05;17;6;350;0.1
0.010779381183682;0.0107371023953402;0.0105272297637852;0.0102480442744559;0.12;0.1;15;8;350;0.1
0.0105411027686347;0.0104789286055978;0.010452575461891;0.0102217656718247;0.09;0.09;17;11;350;0.1
0.0109466697481986;0.0110300316781548;0.010827413619906;0.0107696975138992;0.11;0.09;14;6;350;0.1
0.0102753914852807;0.0102493133449006;0.0101100442582235;0.00997451115676996;0.1;0.09;13;6;350;0.1
0.0112396571668632;0.0111970516808547;0.0112205190803559;0.0108712412898231;0.08;0.08;22;6;350;0.1
0.0110522273200228;0.011060739331547;0.0109929129744712;0.0109250774996143;0.1;0.09;19;6;350;0.1
0.0115511743839099;0.0115048498558862;0.0112496472752579;0.0111412617554865;0.12;0.11;14;6;350;0.1
0.0110364171956237;0.0110685095896202;0.0108860594495297;0.0105824246327766;0.11;0.1;16;6;350;0.1
0.0121526825623902;0.0120963820559487;0.0119407825242721;0.0115828688548163;0.11;0.1;16;6;350;0.1
0.0100021917931789;0.00993416216330322;0.0100232761663375;0.00968876632838669;0.08;0.08;21;6;350;0.1
0.00994700117663379;0.00993195096563384;0.00992533367113347;0.00978955534340461;0.09;0.09;15;6;350;0.1
0.00839479663893179;0.008452373872847;0.00832988654034481;0.00811620839343164;0.09;0.07;14;6;350;0.1
0.010894043577901;0.0107829368357076;0.0106211496430262;0.0105058048792127;0.08;0.1;17;6;350;0.1
0.00982371081085858;0.00983233084915026;0.00990030895443395;0.0095734251053463;0.07;0.07;18;9;350;0.1
0.010365268750243;0.0103970925747114;0.0102940301164762;0.0100382903843334;0.09;0.09;20;6;350;0.1
0.0112213448694035;0.0110934335170641;0.0108971446016306;0.0109560768277728;0.11;0.1;14;8;350;0.1
0.00998753913880499;0.0100118146788343;0.0096640958707598;0.00962746582172609;0.12;0.1;15;6;350;0.1
0.00922687212124492;0.00919378432260382;0.00906422279720463;0.00882142019799342;0.09;0.09;20;7;350;0.1
0.0101981162048391;0.0100721231272997;0.0100627503053039;0.00992842669262556;0.08;0.08;20;10;350;0.1
0.00883488820180718;0.00888851074409939;0.00883664744024937;0.00876684765890593;0.09;0.08;20;6;350;0.1
0.010179501092722;0.0100542944845294;0.00999633778890552;0.00952925746513256;0.1;0.08;15;6;350;0.1
0.0102532333401402;0.0103164378032987;0.0101222221302084;0.00988997443771206;0.1;0.09;14;6;350;0.1
0.0116358124251741;0.0116049632528241;0.0114442452741544;0.0111581956778093;0.11;0.09;21;7;350;0.1
0.0111896132545323;0.0112543614595172;0.0110162093559329;0.0106888365553923;0.1;0.09;13;6;350;0.1
0.0105770934816807;0.0105924366715286;0.0103887844033294;0.0102244435878349;0.11;0.09;17;6;350;0.1
0.0108391995881245;0.0108466442103213;0.0108779706300166;0.0106977642636766;0.07;0.07;17;6;350;0.1
0.0100209948744322;0.010044689461003;0.00989775985823508;0.00981471225965868;0.08;0.09;18;6;350;0.1
0.0103423675552602;0.010284546708604;0.0100525533166212;0.00987467006467445;0.1;0.09;17;8;350;0.1
0.0116796858677618;0.0116151689484831;0.0114994782994602;0.0110857066490477;0.12;0.1;15;6;350;0.1
0.00989754086375271;0.00987062597809915;0.00962480828350066;0.00966041301464068;0.07;0.09;15;6;350;0.1
0.0118522582801155;0.0118572701119792;0.0115492433150462;0.0115158508971939;0.1;0.09;14;6;350;0.1
0.00963970993349416;0.00948502601670584;0.00944604336337325;0.00944373101231684;0.11;0.09;18;6;350;0.1
0.00973835370980133;0.00975129941727434;0.00946343522637295;0.00945726060564239;0.11;0.1;18;12;350;0.1
0.0109926308823024;0.0110197056268282;0.0107264126174975;0.0105411750609563;0.09;0.09;16;6;350;0.1
0.0107981912145243;0.0107978107866144;0.0107254836516991;0.0102241165210663;0.09;0.09;19;6;350;0.1
0.0123423950566559;0.0122897542448447;0.0120870617151535;0.0116119785374324;0.1;0.1;17;7;350;0.1
0.0104386168467425;0.0103742741006823;0.0104134251569231;0.0100918412929561;0.09;0.09;17;6;350;0.1
0.0102586877292235;0.0103126470371027;0.0100308830460509;0.0102533864385027;0.08;0.08;21;21;350;0.1
0.010270277743555;0.0102019410430587;0.0101545684424304;0.00993191825031132;0.08;0.08;18;7;350;0.1
0.01093569862964;0.0109733254935764;0.0108429281129002;0.0105996370022779;0.07;0.07;15;6;350;0.1
0.010582166988798;0.0105590114920315;0.0105167713279102;0.0104170976950692;0.08;0.09;19;6;350;0.1
0.0111940258904617;0.0110111506054998;0.010995272214059;0.0105145053594193;0.1;0.08;19;7;350;0.1
0.0110724417433708;0.0110051152571837;0.0109489431649612;0.0105442981369759;0.09;0.09;19;6;350;0.1
0.011477217855851;0.0114569293004398;0.0112958056391374;0.0110606863927375;0.11;0.1;15;6;350;0.1
0.0101601384576947;0.0101254652796734;0.00993045374474823;0.00976578481457282;0.1;0.1;15;6;350;0.1
0.0103769258273714;0.0103960343095231;0.0102818517033848;0.0101143972216365;0.1;0.09;17;6;350;0.1
0.0104233896948036;0.010436417557353;0.010246177148168;0.00983437597427607;0.09;0.09;15;6;350;0.1
0.0112661951245259;0.0112438865068062;0.0110653734593034;0.010855523187676;0.1;0.1;14;7;350;0.1
0.0101588165934056;0.0100883578859735;0.0100540621707835;0.00957019785620432;0.09;0.08;21;7;350;0.1
0.00998316069565253;0.0099884644040531;0.0100900317602959;0.0102412824100436;0.06;0.06;22;19;350;0.1
0.00943071435638636;0.00937628936060923;0.00922629828932082;0.00902341314782364;0.1;0.09;19;7;350;0.1
0.00915172275414104;0.00916541863891619;0.00897656074011893;0.0086597234485087;0.1;0.09;14;9;350;0.1
0.0102858534853062;0.0103149172108532;0.0101443673700922;0.0102296386348163;0.06;0.06;17;6;350;0.1
0.0101819455740863;0.0102304416325646;0.0101422619164646;0.0100811901062774;0.08;0.07;12;6;350;0.1
0.0107153874701034;0.0107157013179345;0.0104440335939047;0.0103151374728418;0.1;0.09;17;9;350;0.1
0.0104490107275015;0.0102614274572154;0.0104441779325765;0.0101019021520744;0.1;0.09;16;6;350;0.1
0.0118539071746925;0.0118971317040152;0.0116150691131406;0.0113098527553661;0.09;0.08;21;8;350;0.1
0.00973290011332563;0.00960861903334825;0.00962856803296046;0.00927036542840255;0.09;0.08;20;7;350;0.1
0.0102195806325288;0.0101860432774994;0.0100480066440486;0.009853323305164;0.11;0.1;20;6;350;0.1
0.00948121638948531;0.00946115777899575;0.00930491929117807;0.009033810687694;0.08;0.07;13;6;350;0.1
0.0108460126536967;0.010753846025004;0.0108555426270589;0.0106318242255179;0.11;0.09;16;6;350;0.1
0.0102655957841361;0.0101734657078139;0.0102355780569548;0.00990195619060797;0.11;0.09;20;7;350;0.1
0.00987570285359616;0.00979132403727495;0.00962696074157649;0.0096511980825052;0.1;0.09;19;7;350;0.1
0.0104490543162384;0.0104827672709609;0.0102505025972213;0.0099907730850537;0.11;0.1;15;6;350;0.1
0.0105275157937801;0.010526972161379;0.0103049323700732;0.010104074638044;0.1;0.09;20;6;350;0.1
0.0112884707343315;0.0112896527776017;0.0111908973934446;0.0108435510967852;0.08;0.09;15;6;350;0.1
0.0114587840459936;0.0114346166717711;0.0111976224195127;0.0109151620143582;0.11;0.09;17;7;350;0.1
0.010939208077193;0.0107996733445406;0.0108359046654361;0.0109192459681581;0.09;0.09;17;6;350;0.1
0.0100415419495398;0.0100626976491011;0.00977150157323291;0.00997847835670876;0.08;0.09;15;9;350;0.1
0.0105176837890113;0.0105552826942944;0.010329530820262;0.0101236560848077;0.1;0.09;21;6;350;0.1
0.0111383150683871;0.0111133143811692;0.0108506909174816;0.0105455607135465;0.11;0.1;15;7;350;0.1
0.0111036217647591;0.0109536313207187;0.0107589152056517;0.0104828836005911;0.12;0.11;15;6;350;0.1
0.0107970981396343;0.010832588794898;0.0106721936482059;0.0103831727553391;0.09;0.09;19;7;350;0.1
0.0107153700686602;0.0105980983191646;0.0105825566514439;0.0102410544871592;0.09;0.07;22;6;350;0.1
0.0101738018494964;0.0101279248128489;0.00997279598072552;0.00978278185065902;0.09;0.09;17;6;350;0.1
0.0105938194014817;0.0106211899193205;0.0103202217213279;0.0102970231201933;0.11;0.1;18;6;350;0.1
0.0100596786523584;0.00991299515689395;0.00987595454851275;0.00963123114554981;0.11;0.1;13;6;350;0.1
0.00964336534469039;0.00963324655131944;0.00960854410192823;0.00935545826645844;0.08;0.07;19;8;350;0.1
0.0113617894642009;0.0114285959828254;0.0111990111508173;0.0112343721202856;0.11;0.09;13;9;350;0.1
0.00981365408756678;0.00969672164087047;0.00974532383722633;0.00949263110749976;0.11;0.1;17;9;350;0.1
0.0109289192803476;0.0109772669835397;0.0108015909987058;0.0105288753665999;0.11;0.1;20;6;350;0.1
0.00965337134218463;0.00961896478481297;0.00958570561090684;0.00947861907683905;0.09;0.09;17;9;350;0.1
0.0124144581001034;0.0123479127427114;0.0121210788830928;0.011908042465678;0.08;0.08;18;8;350;0.1
0.0102924751691579;0.0102408373673352;0.0101707835695701;0.00982051762002505;0.1;0.09;14;8;350;0.1
0.0124783588956788;0.0123768439991508;0.0122501002990034;0.0120286585449133;0.12;0.1;15;7;350;0.1
0.0113747205771536;0.0111815980530801;0.0112256998218586;0.010721677258083;0.12;0.05;16;6;350;0.1
0.0121157233171108;0.012149271757385;0.0120938205522795;0.0117948132993994;0.1;0.09;14;6;350;0.1
0.0100432046775555;0.0101040892101791;0.00989856446826613;0.00953054916809467;0.09;0.1;15;6;350;0.1
0.0106054537369723;0.0105235758452427;0.0105350594463434;0.0103327087737904;0.1;0.09;21;9;350;0.1
0.0106075636650115;0.0105964187781793;0.0102879662796753;0.010125827904349;0.11;0.09;15;7;350;0.1
0.0101771319757375;0.0101509058105955;0.0101195478037419;0.0100143622956892;0.07;0.07;14;7;350;0.1
0.00980614082253996;0.00979490992668139;0.00970507448703997;0.00957045233449748;0.1;0.09;22;6;350;0.1
0.0097456209664892;0.00980027602729047;0.00952617003135206;0.00938349545557507;0.1;0.06;17;6;350;0.1
0.0108737335560418;0.0108773250085626;0.0107188825532412;0.0103905484215804;0.09;0.09;18;7;350;0.1
0.0115850027735774;0.0115529515991017;0.0115291849774166;0.0110936524670084;0.08;0.08;19;6;350;0.1
0.0110771712279326;0.0109498224389901;0.0109224040751546;0.0106785795844816;0.1;0.1;16;6;350;0.1
0.0104939360828787;0.0102841421309667;0.0101219496104386;0.00977383652637931;0.12;0.11;12;6;350;0.1
0.00859816938428774;0.00856580574665457;0.00836454668793435;0.00802626294303894;0.11;0.1;14;6;350;0.1
0.0107448608481784;0.0105856183832657;0.0105487461207372;0.0104558686444635;0.11;0.1;14;6;350;0.1
0.0106063354312491;0.0105340301333919;0.0104225627941865;0.0102504158152256;0.11;0.1;15;9;350;0.1
0.0112202356588261;0.0112468428253636;0.0109675976393207;0.0107460566537616;0.12;0.1;14;6;350;0.1
0.0105574979670943;0.0106129163557072;0.0104476906174425;0.010171532163182;0.1;0.09;17;7;350;0.1
0.00962643784972694;0.00949209030141674;0.00939126380950969;0.00933980301045809;0.09;0.09;18;9;350;0.1
0.00974602126909134;0.00964462284501326;0.00953334105597523;0.00947110094143761;0.11;0.1;13;7;350;0.1
0.00994056756055088;0.00959370185481717;0.00977866670390012;0.00957944387628406;0.11;0.09;16;6;350;0.1
0.0100705749079491;0.0100506556438595;0.00991420638884895;0.00970420292826223;0.09;0.1;18;6;350;0.1
0.0108993781962322;0.0109309582867818;0.0105149794856707;0.0106555839052426;0.11;0.11;13;6;350;0.1
0.00963200322073196;0.00960553181780245;0.00944888011772861;0.00909004381327652;0.11;0.09;17;7;350;0.1
0.0106773515318225;0.0106485297957139;0.0104678840217488;0.0103173216195069;0.11;0.11;15;6;350;0.1
0.0113791199528404;0.0112586728189334;0.0112076327321735;0.0110194191491485;0.1;0.09;16;10;350;0.1
0.0119739580317774;0.0118821739245572;0.0117642101765469;0.0115667024446327;0.09;0.07;19;8;350;0.1
0.0105271471018203;0.0105480852543801;0.0105832419952594;0.01029754027355;0.07;0.07;22;7;350;0.1
0.0114157410247334;0.0114165937432172;0.0113558198793576;0.0113176793943276;0.08;0.09;18;6;350;0.1
0.0110801112051496;0.0110632140340645;0.0109598772649628;0.0108865532019267;0.08;0.08;16;7;350;0.1
0.0114872583083411;0.011475816473691;0.0113149114935144;0.0110570685742231;0.11;0.1;17;7;350;0.1
0.0112643331994596;0.0111814151151776;0.0111305693125018;0.0109601796520149;0.11;0.1;12;6;350;0.1
0.0114186813451951;0.0114153331541446;0.0111324073021961;0.0107089298824402;0.12;0.1;14;6;350;0.1
0.00985429997664997;0.00977420492583539;0.00993706669273348;0.00976665332608011;0.08;0.08;20;6;350;0.1
0.0111642723950343;0.0110946974486735;0.0109655510634857;0.0106569995872591;0.12;0.11;14;8;350;0.1
0.0102876685562332;0.0102870926692697;0.0101381987935346;0.00994411293330354;0.1;0.09;20;9;350;0.1
0.00938146459270756;0.0094230282598132;0.00928592096337437;0.00920178688411696;0.09;0.07;15;7;350;0.1
0.00954469107728265;0.00959266938896074;0.00944840616342191;0.00939446652564203;0.08;0.09;14;10;350;0.1
0.0122585442783462;0.011905041631714;0.0119698622936284;0.0115689179756345;0.1;0.09;19;8;350;0.1
0.0118769111631024;0.0115519285074295;0.0117053464657632;0.0115153088254032;0.12;0.1;14;6;350;0.1
0.00934412922440879;0.00931296124939107;0.00912714120072029;0.00898252114331927;0.1;0.09;21;8;350;0.1
0.01145398936326;0.0114455818578683;0.0112683172461187;0.0109718088561364;0.1;0.09;13;6;350;0.1
0.0100958946091216;0.0100170496652901;0.00990494550166816;0.00966895023439194;0.05;0.05;14;6;350;0.1
0.0119672774243711;0.0120114950492876;0.0116939296626568;0.0116025757424891;0.12;0.11;14;10;350;0.1
0.0111479597038497;0.0111688169536469;0.0108380254392722;0.0108458116043763;0.11;0.1;17;9;350;0.1
0.0115800954580693;0.0115989084827992;0.0114459913531418;0.0110472793646904;0.1;0.09;17;6;350;0.1
0.0102392669051737;0.010270740637149;0.0102009896952268;0.00982676713910269;0.1;0.09;19;10;350;0.1
0.0105242036622689;0.0104712555448168;0.0102972331388778;0.0101310457671111;0.1;0.09;12;6;350;0.1
0.0110092355313223;0.0108976722775281;0.0107105481260425;0.010432191677032;0.11;0.1;16;8;350;0.1
0.0107804235791305;0.0107113178872346;0.0106328498955702;0.0105535902577665;0.09;0.08;20;9;350;0.1
0.00977659936933703;0.00982153872609441;0.00969276207574809;0.0094940782443631;0.09;0.08;13;6;350;0.1
0.0108701560948576;0.0109532988612155;0.0109548173473121;0.0104975157980078;0.08;0.07;22;6;350;0.1
0.0115727139091561;0.0116011011589014;0.0114022803682503;0.0114277150734291;0.1;0.09;14;11;350;0.1
0.00892956273337298;0.00888868256685857;0.00882897856221466;0.00874948421926348;0.09;0.09;17;6;350;0.1
0.0115647153034602;0.0115816994533994;0.0114609386620532;0.0113289979725741;0.08;0.07;19;9;350;0.1
0.0118825663171402;0.0118688009673595;0.0116945055801995;0.011580736097572;0.1;0.09;13;6;350;0.1
0.00944160204074802;0.00942413374894931;0.00922200537790901;0.00910192567582333;0.09;0.09;19;6;350;0.1
0.0105465316363885;0.0104441826086919;0.0104380377603538;0.0100722369982037;0.1;0.09;14;6;350;0.1
0.00982556129500801;0.00979918580941095;0.00976339046259787;0.00997070264144615;0.07;0.07;15;15;350;0.1
0.00947932818454602;0.00941369728072992;0.00921909461085418;0.00913644040344919;0.1;0.1;17;7;350;0.1
0.0107600664392997;0.0106812837232467;0.0107083553091152;0.0104203497131075;0.1;0.1;12;6;350;0.1
0.010386750449142;0.0103996165520115;0.0103241925184675;0.0102895165564483;0.09;0.09;16;11;350;0.1
0.00954075282590418;0.00950381905346166;0.00943656128168196;0.0092219365361278;0.09;0.09;16;6;350;0.1
0.0101430429374784;0.0100750186254313;0.0098664765515532;0.00966920893299369;0.12;0.1;13;6;350;0.1
0.0104680425131732;0.0103985524304714;0.0102845044381574;0.00981474306999738;0.12;0.1;14;6;350;0.1
0.0101791901010632;0.0101549003180955;0.00994732116685877;0.00988955932810614;0.11;0.1;17;6;350;0.1
0.011556425305605;0.0115090218034734;0.0113712927369278;0.0111153865364439;0.1;0.09;22;6;350;0.1
0.0115684931867185;0.0115285005720155;0.0114112133052569;0.0112009849689794;0.12;0.1;21;6;350;0.1
0.0100443722679157;0.0100710039016461;0.00983937848579765;0.00966253103921052;0.12;0.09;13;7;350;0.1
0.00964235631252278;0.00955417919033919;0.00939817648926372;0.00923886359670342;0.11;0.1;13;6;350;0.1
0.00982005583502021;0.00987293681211391;0.00966828722160516;0.00956371903201963;0.08;0.08;13;6;350;0.1
0.0101084407533506;0.0100341953336917;0.00988282328958178;0.00979137166238115;0.09;0.09;20;7;350;0.1
0.0103595400038265;0.0102341605208324;0.010272100550429;0.0100765565802849;0.09;0.09;15;6;350;0.1
0.0111172432570802;0.0109530613556065;0.0109521052671507;0.0106677732348499;0.08;0.09;20;6;350;0.1
0.00975683926389654;0.00977248189673316;0.00962088901622662;0.00940730917375327;0.09;0.1;18;6;350;0.1
0.0103404376749364;0.0103358150714358;0.0101953641012314;0.00998132292590434;0.11;0.1;19;6;350;0.1
0.0107094470949737;0.0106152909154894;0.0104852151732721;0.0101995208907108;0.12;0.11;15;9;350;0.1
0.0107470841218032;0.010797798488184;0.0106428816424638;0.0101808944056992;0.11;0.1;19;6;350;0.1
0.0101429126023791;0.0101051701060438;0.00990718690015959;0.00987639588891222;0.09;0.09;14;6;350;0.1
0.0107104584475283;0.0106921941928849;0.0105599407371371;0.0104099127881516;0.12;0.1;16;6;350;0.1
0.0104403767106657;0.0104539517851547;0.0102316413632138;0.00995985065229224;0.11;0.1;16;9;350;0.1
0.0117378709943719;0.0115261618413427;0.011870833491889;0.0114806825297681;0.08;0.08;22;6;350;0.1
0.0107808115152399;0.0108081088118485;0.010524691049804;0.0103853698848955;0.06;0.08;14;6;350;0.1
0.010898822895517;0.0108443856723316;0.0108233170266721;0.010619229730024;0.09;0.09;16;7;350;0.1
0.0100696702343634;0.0100009429421363;0.00998920439679949;0.00995387336755691;0.1;0.09;16;6;350;0.1
0.0112420882137164;0.0110463912471506;0.0111533493506068;0.0110133641096349;0.1;0.1;14;6;350;0.1
0.0107428054705247;0.0107508321243501;0.0108691353466221;0.0105498604246482;0.07;0.07;20;6;350;0.1
0.0110193435993236;0.0110168518566872;0.0107904163631057;0.0105224683735251;0.11;0.1;15;11;350;0.1
0.00958388860163161;0.00958480411053295;0.00950761252826611;0.00944246561493606;0.08;0.08;19;9;350;0.1
0.0116839109185151;0.0117224234591574;0.0115626809509464;0.0112049394420114;0.11;0.09;17;7;350;0.1
0.0104786787864727;0.0102594392209825;0.0102421628787919;0.00988775009582238;0.11;0.09;15;6;350;0.1
0.01215352778156;0.0121207898323071;0.011834700318399;0.011779192352189;0.11;0.1;15;6;350;0.1
0.0104175670851305;0.0102762355408149;0.0101759627695522;0.00989341919881992;0.11;0.1;14;8;350;0.1
0.0102334397315025;0.0101807922754422;0.0100291639262077;0.00997238520500185;0.11;0.1;17;6;350;0.1
0.0105085788064305;0.0100688490933985;0.0103875589172923;0.0102118157842844;0.11;0.11;13;6;350;0.1
0.0117516639594958;0.0116929665430457;0.0116920105749508;0.0112444816304174;0.1;0.08;15;6;350;0.1
0.00992504874632004;0.00982351079649343;0.00964832651071383;0.0093946057983128;0.1;0.09;15;7;350;0.1
0.011769812658595;0.0117651092454262;0.0118270124792416;0.0112468130684951;0.08;0.08;19;6;350;0.1
0.0119211792892395;0.0118196178812758;0.0118609352171561;0.0114031538032794;0.08;0.08;13;6;350;0.1
0.0108295460246025;0.0108592190088709;0.0106511785013078;0.0104551599460777;0.11;0.1;16;11;350;0.1
0.00974633967437227;0.00973297963655639;0.009568264465559;0.00932397559125147;0.11;0.1;20;6;350;0.1
0.0104021698772026;0.0103908220270781;0.0102437488112705;0.00988232900954884;0.12;0.11;14;6;350;0.1
0.0107033870027579;0.0104545247191991;0.0104106189377745;0.0101122681017319;0.11;0.1;21;6;350;0.1
0.0107391244551791;0.0106361846776737;0.0105585715426773;0.0102944679419961;0.11;0.1;15;8;350;0.1
0.0101923627514245;0.0100670044124709;0.0100251751081695;0.0100403882112705;0.07;0.07;17;6;350;0.1
0.011463612210034;0.0114929684758585;0.0113293682589334;0.0110760496129902;0.11;0.09;12;6;350;0.1
0.0113846624759092;0.011441599958403;0.0112265376489764;0.0113962784620962;0.08;0.07;22;7;350;0.1
0.0111412793322572;0.0111486450523467;0.0108075881590192;0.0104758848925181;0.1;0.08;18;6;350;0.1
0.0103733690188636;0.010443387967049;0.0102007972600815;0.0100881176381873;0.1;0.09;19;6;350;0.1
0.012809162514286;0.0128762698022426;0.0126175905195912;0.0122370100766226;0.11;0.09;18;6;350;0.1
0.0103204418487483;0.0102553417396888;0.0100648572043914;0.00994351955520487;0.11;0.1;16;7;350;0.1
0.010408663307186;0.0103496261914964;0.01010254863023;0.00992455634273796;0.11;0.1;18;8;350;0.1
0.00966842603887545;0.00971470079383849;0.00954635532774758;0.00946634983823066;0.08;0.09;18;20;350;0.1
0.0113457012667748;0.0113455318075075;0.0110879595967321;0.0109657214404969;0.1;0.1;13;6;350;0.1
0.0114943921456677;0.0114317221997578;0.0114298970418159;0.0113238771650283;0.09;0.07;19;6;350;0.1
0.00969007922678099;0.00968854357084941;0.00965274918485312;0.00952159931962028;0.1;0.09;19;7;350;0.1
0.0105567660346686;0.0105162110984267;0.010538477306197;0.0102621581590161;0.09;0.08;21;21;350;0.1
0.0110837868891563;0.011051161150429;0.0111333902448147;0.010806427611007;0.09;0.08;20;7;350;0.1
0.0104808838582872;0.0105319715111037;0.0103830399394755;0.010286717511256;0.1;0.09;19;6;350;0.1
0.0120007397906393;0.0119787685218008;0.011728471494081;0.0114846222077978;0.12;0.11;12;6;350;0.1
0.0113153589879571;0.010824041791406;0.011231263521184;0.0108512567943157;0.1;0.09;16;7;350;0.1
0.0108487701413189;0.0109265902130197;0.0107562468142938;0.0104371484757528;0.1;0.09;16;6;350;0.1
0.0105416342111591;0.0105310248741056;0.0104168018192045;0.0101176975086809;0.1;0.09;18;6;350;0.1
0.0106540703313591;0.0105557772004105;0.0106072603854212;0.0105072132367612;0.08;0.08;21;7;350;0.1
0.0102526007697174;0.0102744593501675;0.0101196735952838;0.00964973525776344;0.1;0.09;18;6;350;0.1
0.0106231248782588;0.0103603288795202;0.010486966282842;0.0104916239223562;0.1;0.09;16;6;350;0.1
0.0121817760413478;0.0120398569139784;0.0121217581781195;0.0117406362528911;0.11;0.1;16;8;350;0.1
0.011270028900037;0.0112015942855428;0.0109950261784882;0.0106536586701222;0.09;0.08;20;10;350;0.1
0.00963753057981539;0.0095861135326287;0.00949417381823944;0.00961983399185982;0.1;0.1;14;14;350;0.1
0.00965256047568682;0.00966867210087592;0.00946704050888786;0.00941867862962126;0.09;0.09;16;11;350;0.1
0.0106765628136115;0.0107325543795558;0.0104762998325097;0.0102675317104646;0.09;0.09;16;8;350;0.1
0.0100475254213125;0.010033255566912;0.00993796567197589;0.00969602266618868;0.08;0.09;15;6;350;0.1
0.00933713921147593;0.00934996291990996;0.00925820002173885;0.00895007829079013;0.09;0.09;12;6;350;0.1
0.010295295483585;0.0101707970884384;0.010091591938446;0.00986266705553652;0.1;0.09;17;6;350;0.1
0.0109906814144182;0.0109793508225557;0.0107827147066347;0.0106990283236251;0.11;0.1;14;14;350;0.1
0.0108022926044481;0.0106916262408458;0.0106586792546456;0.0105072340716165;0.11;0.09;17;7;350;0.1
0.0105726154902106;0.0105662438009608;0.0104377977744271;0.0102410047705965;0.1;0.1;16;6;350;0.1
0.0110222124372892;0.0108627699607709;0.0108102917946325;0.010488981392378;0.12;0.1;16;7;350;0.1
0.0103163303237373;0.0103158412142069;0.0099932570510836;0.00974344585472661;0.1;0.09;14;6;350;0.1
0.00973752790530943;0.00961762311573334;0.00943794782756819;0.00932961802483265;0.1;0.09;16;7;350;0.1
0.0106430398681306;0.010678582552907;0.0106848497301617;0.010682887429611;0.09;0.08;18;13;350;0.1
0.0103581928637102;0.0103240037509655;0.0102298876011081;0.0101706114662748;0.08;0.07;19;8;350;0.1
0.0104352607917592;0.0104204713291705;0.010289330389259;0.0101689798650711;0.1;0.09;19;11;350;0.1
0.011607175595605;0.0116755228366079;0.0114943773582241;0.0110384861045153;0.1;0.09;16;6;350;0.1
0.0104610487596627;0.0104856900714569;0.0103213847468613;0.0101105561133674;0.11;0.09;17;6;350;0.1
0.0104195713240389;0.0104790198640043;0.0103252969789097;0.0101893943119322;0.11;0.09;22;9;350;0.1
0.0134204345132593;0.0134650221328796;0.0132704734998979;0.0127639439910571;0.1;0.09;22;6;350;0.1
0.00998443304015391;0.00987669570533609;0.00983690113961899;0.00964701418106697;0.11;0.09;13;13;350;0.1
0.0101683189333228;0.0101182213026041;0.0100175478541314;0.00963998033065854;0.11;0.1;21;6;350;0.1
0.0132431434786715;0.0130938490123114;0.0131050136692739;0.0127567737620658;0.1;0.09;16;6;350;0.1
0.0117927043968605;0.0118470417019744;0.0115071852388144;0.0112991523092243;0.11;0.09;14;6;350;0.1
0.00919503350070842;0.0092272054705221;0.00906008167325008;0.00871154545776666;0.11;0.09;20;6;350;0.1
0.0107857066380128;0.0107907671898607;0.0105445722267328;0.0102582286852406;0.12;0.11;16;7;350;0.1
0.0109211446879475;0.0107498090313079;0.0107755069601227;0.0106994830728667;0.09;0.09;17;12;350;0.1
0.01110277246649;0.0110889412274618;0.0108766567879295;0.0106930323906744;0.09;0.09;20;6;350;0.1
0.0129942125025268;0.01296749586045;0.013022111811769;0.0124299342538063;0.08;0.08;18;6;350;0.1
0.0110089375593032;0.0110391670672842;0.0108304934794788;0.0106326989602171;0.1;0.1;16;6;350;0.1
0.0104432125000739;0.0104798542142328;0.0101804860883998;0.0101644469815441;0.08;0.08;13;6;350;0.1
0.0103237004563445;0.0102232868922842;0.0103910687673294;0.0099615460874418;0.1;0.08;16;6;350;0.1
0.0110426127633154;0.0109984002222447;0.0108154025824024;0.0104628161056924;0.1;0.09;18;6;350;0.1
0.0106360721018017;0.0105140313425988;0.0105765873738668;0.0107064306770799;0.1;0.1;14;6;350;0.1
0.0113443172299233;0.0112135348650138;0.011081746625628;0.0110538119595252;0.09;0.09;11;6;350;0.1
0.0111448323639978;0.0111937920999063;0.0107282694672505;0.0105713287703991;0.12;0.11;13;6;350;0.1
0.0106135688603987;0.0106066456609084;0.0104919628971143;0.0102780267523572;0.11;0.1;12;6;350;0.1
0.00991473485201562;0.00991422812632019;0.00974954185658246;0.00959697947506468;0.11;0.1;16;6;350;0.1
0.0107500748156314;0.0107373682962812;0.0105224198164595;0.0103068262627843;0.11;0.1;18;6;350;0.1
0.0097818471110229;0.00975772727126453;0.00973774421142872;0.0094160555458395;0.08;0.09;20;6;350;0.1
0.0109396422347437;0.010993133651125;0.0108732107140767;0.0107615454201324;0.1;0.09;19;10;350;0.1
0.0109734548479488;0.010817413013078;0.0107651870149049;0.0104783381458001;0.11;0.1;15;6;350;0.1
0.0098109247818213;0.00968435495934945;0.00963871871539046;0.00943647499710335;0.11;0.1;14;6;350;0.1
0.0104830591314076;0.0104163792624385;0.0102323279017421;0.0102014892417559;0.09;0.1;16;6;350;0.1
0.00945761444474306;0.00952151465782194;0.00928335302556357;0.00929133238206375;0.1;0.09;11;12;350;0.1
0.011637574910732;0.0116594939310336;0.0116434943199151;0.0112199539290994;0.08;0.08;19;7;350;0.1
0.010732805157252;0.0106875820755194;0.0105228336105482;0.0103434860349868;0.1;0.1;15;6;350;0.1
0.0109954649264891;0.0110456051336018;0.0109418179549346;0.010623735853614;0.09;0.09;22;6;350;0.1
0.00995491100461577;0.00994015137806175;0.00995150217102558;0.00957517435658266;0.08;0.08;17;6;350;0.1
0.0100052755560624;0.010019253690733;0.00983047139746056;0.00948499783383354;0.09;0.08;18;10;350;0.1
0.0103345619893131;0.0103564954734621;0.0101050277089608;0.0102438429582342;0.1;0.09;15;13;350;0.1
0.0103755491045821;0.0102932666182612;0.0102945767538117;0.00997243937891063;0.11;0.09;16;6;350;0.1
0.0116666881989347;0.0117275720033232;0.0114092150666043;0.0113278357057937;0.1;0.09;15;6;350;0.1
0.0105780264499749;0.0105519185622753;0.01019936441126;0.0101358999952395;0.11;0.1;14;8;350;0.1
0.0112615944418211;0.0111609983910203;0.0111176254554356;0.0111594122208967;0.11;0.1;16;10;350;0.1
0.00895994437283918;0.00894740229616999;0.00877249508835516;0.00865528675581026;0.11;0.1;17;6;350;0.1
0.0106559105837404;0.0106932201487038;0.0104341299980064;0.0102904496638075;0.11;0.09;14;6;350;0.1
